entry_id,user_id,submitted_at,votes_5m_before,votes_30m_before,votes_2h_before,votes_same_day_before,last_vote_lag_minutes,first_vote_lag_minutes
44e2e5ab-669e-4745-a4c9-fa8f4acb255e,69ce191d-25f7-4ae6-b5fc-26bdc90e84aa,2024-08-17 20:02:15+00:00,0,0,0,0,,
e32d6592-2d2c-4d6b-938e-cacb4103fbca,69ce191d-25f7-4ae6-b5fc-26bdc90e84aa,2024-08-17 20:02:15+00:00,0,0,0,0,,
2ecf65cb-1243-4068-829b-09100934238a,69ce191d-25f7-4ae6-b5fc-26bdc90e84aa,2024-08-17 20:02:15+00:00,0,0,0,0,,
ad1c018a-475f-470a-a2b5-e4258ecb84fc,69ce191d-25f7-4ae6-b5fc-26bdc90e84aa,2024-08-17 20:02:15+00:00,0,0,0,0,,
551dbd15-e9ab-46ab-8e2a-7de2c1292003,69ce191d-25f7-4ae6-b5fc-26bdc90e84aa,2024-08-17 20:02:15+00:00,0,0,0,0,,
134a1302-4c31-4479-b848-cce3109eee0b,69ce191d-25f7-4ae6-b5fc-26bdc90e84aa,2024-08-17 20:02:15+00:00,0,0,0,0,,
903d5941-0a30-4496-ba10-78ba4ab8e836,69ce191d-25f7-4ae6-b5fc-26bdc90e84aa,2024-08-17 20:02:15+00:00,0,0,0,0,,
29069f22-4287-485b-87f1-25eb8a7cfa36,3d2592f5-7de0-43e8-a487-729a070624ef,2024-08-17 20:51:34+00:00,0,0,0,0,,
ea5ef020-b224-4a53-9bba-5c1a804a9e0c,69ce191d-25f7-4ae6-b5fc-26bdc90e84aa,2024-08-17 23:50:13+00:00,0,0,0,0,,
878b87cb-85a4-48b9-9530-14c70703067c,69ce191d-25f7-4ae6-b5fc-26bdc90e84aa,2024-08-17 23:51:00+00:00,0,0,0,0,,
0b1ca7e3-1c73-4ce6-bc38-b2b5727e9737,68094f87-01d0-4966-aae7-21eb452e918d,2024-08-18 00:04:04+00:00,0,0,0,0,,
1b0fc9c3-f889-4379-8ee4-e82388d26cdf,fd9b7f36-2943-4ceb-b658-83c814782ac3,2024-08-19 12:18:20+00:00,0,0,0,0,,
662281ce-920a-4dc0-8d15-dad0d619f202,3d2592f5-7de0-43e8-a487-729a070624ef,2024-08-19 12:24:56+00:00,0,0,0,0,,
ee22820b-3d52-4533-80ba-e26b2ee23f86,1fa1272e-1af6-4b74-9f31-0549bbcf831d,2024-08-19 15:57:00+00:00,0,0,0,0,,
940e000f-24e7-4d0a-96b2-8fd983a99477,34f5c1a1-8caa-48c6-9482-d01ef71e9661,2025-01-26 16:28:20+00:00,0,0,0,0,,
d1557b03-eef1-46d8-967d-38d5dd30e773,34f5c1a1-8caa-48c6-9482-d01ef71e9661,2025-01-26 17:19:27+00:00,0,0,0,0,,
57664b48-a048-4148-8e07-a153a134e90a,34f5c1a1-8caa-48c6-9482-d01ef71e9661,2025-01-26 17:29:22+00:00,0,0,0,0,,
39259a64-6110-4d46-85f0-525dc06505c1,34f5c1a1-8caa-48c6-9482-d01ef71e9661,2025-01-26 17:39:51+00:00,0,0,0,0,,
bac3d9a3-4f88-4763-8402-742cd77856ee,34f5c1a1-8caa-48c6-9482-d01ef71e9661,2025-01-26 17:41:28+00:00,0,0,0,0,,
92d0c470-6dc9-4490-aada-40594fbbed5d,34f5c1a1-8caa-48c6-9482-d01ef71e9661,2025-01-26 17:47:44+00:00,0,0,0,0,,
2ecd8ce5-2ade-4b9c-8102-c7848225836c,34f5c1a1-8caa-48c6-9482-d01ef71e9661,2025-01-26 17:49:02+00:00,0,0,0,0,,
fbd8b5f2-d8b0-4731-b1ee-ba641e02d433,34f5c1a1-8caa-48c6-9482-d01ef71e9661,2025-01-26 17:52:47+00:00,0,0,0,0,,
052c6368-086d-4052-89c5-df3c325d68e1,34f5c1a1-8caa-48c6-9482-d01ef71e9661,2025-01-26 18:54:53+00:00,0,0,0,0,,
022929cb-3e7c-4c1f-b38a-e5756ec384b3,34f5c1a1-8caa-48c6-9482-d01ef71e9661,2025-01-26 19:10:40+00:00,0,0,0,0,,
256f0e2e-f464-4d3d-b84d-abe23f4fc6f9,34f5c1a1-8caa-48c6-9482-d01ef71e9661,2025-01-26 19:14:04+00:00,0,0,0,0,,
c66def83-f0bf-4c7a-bafd-25242ec62562,34f5c1a1-8caa-48c6-9482-d01ef71e9661,2025-01-26 19:18:58+00:00,0,0,0,0,,
5a338ca9-0db2-4b3e-887a-5b804b821c7b,34f5c1a1-8caa-48c6-9482-d01ef71e9661,2025-01-26 19:26:34+00:00,0,0,0,0,,
15e8e80d-8faf-4a84-a070-ab567c828158,34f5c1a1-8caa-48c6-9482-d01ef71e9661,2025-01-26 19:31:03+00:00,0,0,0,0,,
e4d1ba46-fede-42ba-9302-b62664d1c68a,34f5c1a1-8caa-48c6-9482-d01ef71e9661,2025-01-26 19:37:16+00:00,0,0,0,0,,
c7efc426-3c2d-4e83-9833-0ebb6e7c875f,34f5c1a1-8caa-48c6-9482-d01ef71e9661,2025-01-26 19:51:24+00:00,0,0,0,0,,
9bbb699e-5939-4c5a-bf43-cde308ea9ba9,34f5c1a1-8caa-48c6-9482-d01ef71e9661,2025-01-26 19:53:03+00:00,0,0,0,0,,
24c3b97f-b353-430f-a66a-839c31925a93,34f5c1a1-8caa-48c6-9482-d01ef71e9661,2025-01-26 20:01:05+00:00,0,0,0,0,,
6193ab97-fbda-43df-9cb4-994f7678b4d6,34f5c1a1-8caa-48c6-9482-d01ef71e9661,2025-01-29 20:42:36+00:00,0,0,0,0,,
a0ce5ea4-394d-4bf8-9894-06e8f13fd3a5,34f5c1a1-8caa-48c6-9482-d01ef71e9661,2025-01-29 21:43:34+00:00,0,0,0,0,,
e264c8d9-cd22-492d-b6c4-f99a5f2b355c,34f5c1a1-8caa-48c6-9482-d01ef71e9661,2025-01-29 21:48:00+00:00,0,0,0,0,,
0944063e-2498-419f-9fa7-22a53d9bbcf9,34f5c1a1-8caa-48c6-9482-d01ef71e9661,2025-01-29 21:53:39+00:00,0,0,0,0,,
af532cd3-a62a-4d2e-9380-c02b289e83ca,34f5c1a1-8caa-48c6-9482-d01ef71e9661,2025-01-29 22:01:30+00:00,0,0,0,0,,
efe387be-cb96-4c20-a99f-129e5b4d2224,34f5c1a1-8caa-48c6-9482-d01ef71e9661,2025-01-30 07:05:43+00:00,0,0,0,0,,
7023e3f9-5728-4c49-a720-d5ee89b3ac10,34f5c1a1-8caa-48c6-9482-d01ef71e9661,2025-01-30 07:07:33+00:00,0,0,0,0,,
d57b5aeb-14d8-4745-93e3-0119a6b8e375,34f5c1a1-8caa-48c6-9482-d01ef71e9661,2025-01-30 07:37:36+00:00,0,0,0,0,,
99ef3c0a-2e0e-4694-8f36-2e9da7e557ff,34f5c1a1-8caa-48c6-9482-d01ef71e9661,2025-01-30 07:43:57+00:00,0,0,0,0,,
5da943a0-e2ee-4666-97af-65172e601d5b,34f5c1a1-8caa-48c6-9482-d01ef71e9661,2025-01-30 08:51:23+00:00,0,0,0,0,,
4f80ac93-105e-4a5f-ae80-35a51e78feff,34f5c1a1-8caa-48c6-9482-d01ef71e9661,2025-01-30 08:54:45+00:00,0,0,0,0,,
e4ccd2e7-9f6b-4102-a55b-48eeb4750b3e,34f5c1a1-8caa-48c6-9482-d01ef71e9661,2025-01-30 08:58:21+00:00,0,0,0,0,,
20cfaa8d-f093-4337-9b00-34dae3b229a9,34f5c1a1-8caa-48c6-9482-d01ef71e9661,2025-01-30 12:50:27+00:00,0,0,0,0,,
39fab164-2eb8-40be-a3a1-e0ca84b44a2d,34f5c1a1-8caa-48c6-9482-d01ef71e9661,2025-01-30 12:53:14+00:00,0,0,0,0,,
93ab7eba-5ba8-4bf7-bd90-80b6a8d3efb0,34f5c1a1-8caa-48c6-9482-d01ef71e9661,2025-01-30 12:55:09+00:00,0,0,0,0,,
9a8ccf59-9695-4188-a2da-b7b32a8f52cc,34f5c1a1-8caa-48c6-9482-d01ef71e9661,2025-01-30 13:03:55+00:00,0,0,0,0,,
1604a358-9699-4b84-a834-b6d6eca3324b,34f5c1a1-8caa-48c6-9482-d01ef71e9661,2025-01-30 13:07:42+00:00,0,0,0,0,,
b38da27f-539a-40b7-a159-c994ba01b09f,34f5c1a1-8caa-48c6-9482-d01ef71e9661,2025-01-30 13:09:15+00:00,0,0,0,0,,
5331584a-56bb-46d0-9493-56b622c9e4bf,a57f0fd6-6977-43c3-86bb-cd34ef2a7a29,2026-03-14 18:40:57.454405+00:00,0,0,0,0,,
32262f76-1a59-43d6-9a94-840a38a79439,a57f0fd6-6977-43c3-86bb-cd34ef2a7a29,2026-03-14 18:54:05.649655+00:00,0,0,0,0,,
e38bbdb3-dab1-4f9c-8956-21842cdf509b,a57f0fd6-6977-43c3-86bb-cd34ef2a7a29,2026-03-14 20:07:34.507547+00:00,0,0,0,0,,
c106ddb2-8db7-44a3-942d-cacf45f27430,a57f0fd6-6977-43c3-86bb-cd34ef2a7a29,2026-03-14 20:18:35.154922+00:00,0,0,0,0,,
393477f3-c9f7-49f2-a6e5-025c8ea2ca3f,60264769-e015-4dba-b2f4-6bfdffed12b3,2026-03-14 20:35:41.056139+00:00,0,0,0,0,,
61866180-9717-41cc-8e26-f90cd8775298,a57f0fd6-6977-43c3-86bb-cd34ef2a7a29,2026-03-14 20:54:18.168454+00:00,0,0,0,0,,
449a3467-b150-4f07-9ed7-3a3804f6f525,68094f87-01d0-4966-aae7-21eb452e918d,2026-03-14 21:15:17.675527+00:00,0,0,0,0,,
d3772e60-a8c7-4ad7-ad14-4e30f67ef7ed,a57f0fd6-6977-43c3-86bb-cd34ef2a7a29,2026-03-14 21:26:35.667080+00:00,0,0,0,0,,
a6e2e580-3be5-411b-8ece-7b2b12663cf7,a57f0fd6-6977-43c3-86bb-cd34ef2a7a29,2026-03-14 21:34:28.210456+00:00,0,0,0,0,,
c33c69e0-9ab8-401f-8b56-d1f8a735649f,69ce191d-25f7-4ae6-b5fc-26bdc90e84aa,2026-03-14 22:45:39.748380+00:00,0,0,4,6,57.95417131666667,239.43973185000002
f605b9e6-29c7-49a0-adfc-b8f4138f32a3,69ce191d-25f7-4ae6-b5fc-26bdc90e84aa,2026-03-14 22:50:32.694247+00:00,0,0,4,6,62.83660243333334,244.32216296666667
6250524e-c541-4d10-bab9-ea97aabacb43,69ce191d-25f7-4ae6-b5fc-26bdc90e84aa,2026-03-15 00:41:50.652765+00:00,0,0,0,0,,
6752d281-bca4-45dc-af62-e8ffdbb6df8e,69ce191d-25f7-4ae6-b5fc-26bdc90e84aa,2026-03-15 02:47:58.927216+00:00,0,0,0,0,,
9a275745-4d67-4fac-ad72-dd5f78b54891,69ce191d-25f7-4ae6-b5fc-26bdc90e84aa,2026-03-15 12:36:10.145621+00:00,0,0,0,0,,
0f077339-92ef-453d-8e12-bf329e96840b,a57f0fd6-6977-43c3-86bb-cd34ef2a7a29,2026-03-15 13:53:41.279663+00:00,0,0,0,2,778.9589826833333,779.32079
05a7c900-212c-47d0-a604-08d140972f39,69ce191d-25f7-4ae6-b5fc-26bdc90e84aa,2026-03-15 13:54:25.369228+00:00,0,0,0,0,,
f64ac8c8-2cb4-45cf-99a0-82e63aa16cb2,a57f0fd6-6977-43c3-86bb-cd34ef2a7a29,2026-03-15 14:50:21.225860+00:00,0,0,0,2,835.6247526333334,835.98655995
02ca4dcf-9767-4ca0-b57e-cfbea954d3ba,a57f0fd6-6977-43c3-86bb-cd34ef2a7a29,2026-03-15 15:00:20.072486+00:00,0,0,0,2,845.6055297333334,845.9673370500001
595627e7-5482-4e29-8b00-817bc0024341,a57f0fd6-6977-43c3-86bb-cd34ef2a7a29,2026-03-16 10:27:01.354071+00:00,0,0,0,0,,
aeef017d-33b4-4175-b9c9-b4bd065a1fcd,10293b59-6af4-4de0-9a6d-b87c2ed343a1,2026-03-16 15:28:13.382405+00:00,0,0,0,0,,
690426b4-a430-4b09-b9e9-a19aa2737b42,8f2ee531-41f7-4433-a49a-712adb50c585,2026-03-16 15:39:23.355309+00:00,0,0,0,0,,
1de3eb0a-a6a5-4ba3-a24c-3c87e83ee7f3,8f2ee531-41f7-4433-a49a-712adb50c585,2026-03-16 15:46:52.287348+00:00,0,0,0,0,,
8e1eaeb9-6bd0-4a03-95d5-1c70ba7dd28b,8f2ee531-41f7-4433-a49a-712adb50c585,2026-03-16 15:58:53.504299+00:00,0,0,0,0,,
7d41ac98-8b30-44e7-a06f-bf54f2061b0d,8f2ee531-41f7-4433-a49a-712adb50c585,2026-03-16 16:04:07.212810+00:00,0,0,0,0,,
d75c2ac8-8787-41c8-b255-55f8c28bec7b,8f2ee531-41f7-4433-a49a-712adb50c585,2026-03-16 16:08:26.937596+00:00,0,0,0,0,,
a41727d6-20d6-4b81-961f-915ca3bf2196,8f2ee531-41f7-4433-a49a-712adb50c585,2026-03-16 16:13:10.493301+00:00,0,0,0,0,,
1e4a525f-8ed6-4ac1-9209-53b24434739b,a57f0fd6-6977-43c3-86bb-cd34ef2a7a29,2026-03-16 16:37:45.247056+00:00,0,1,6,6,7.663072966666666,33.46804253333333
66c9a1a9-81d1-4976-80bb-bebfae5be88e,a57f0fd6-6977-43c3-86bb-cd34ef2a7a29,2026-03-16 16:53:37.868843+00:00,0,1,6,6,23.540102750000003,49.345072316666666
4aaa6014-d8b3-45dd-ba59-8b49c9948665,36e75d85-db7f-499d-8d6b-ee983421a046,2026-03-16 17:41:51.212050+00:00,0,0,0,0,,
4b1e0615-6f87-4a75-9a64-5fab90bd763a,36e75d85-db7f-499d-8d6b-ee983421a046,2026-03-16 17:50:35.625234+00:00,0,0,0,0,,
c449a355-4fae-426f-98cb-1b5538b688d5,36e75d85-db7f-499d-8d6b-ee983421a046,2026-03-16 17:55:09.206859+00:00,0,0,0,0,,
21114c30-137b-4f51-b197-eef3673caadd,36e75d85-db7f-499d-8d6b-ee983421a046,2026-03-16 17:58:34.654377+00:00,0,0,0,0,,
1c66ddd2-7036-4c2f-a514-234b6fc453c5,36e75d85-db7f-499d-8d6b-ee983421a046,2026-03-16 18:04:20.908920+00:00,0,0,0,0,,
8b6021d1-ac56-4778-8a6f-6ed1a30138ca,36e75d85-db7f-499d-8d6b-ee983421a046,2026-03-16 18:08:15.920953+00:00,0,0,0,0,,
e267eb2b-9598-4f0f-9fba-a07fb73b5173,36e75d85-db7f-499d-8d6b-ee983421a046,2026-03-16 18:12:11.007718+00:00,0,0,0,0,,
433c9453-c3ee-4ada-b85a-441711c227c5,36e75d85-db7f-499d-8d6b-ee983421a046,2026-03-16 18:26:38.197371+00:00,0,1,1,1,9.548416116666667,9.548416116666667
5d62e42e-fc95-403a-b265-dd56eb40b260,36e75d85-db7f-499d-8d6b-ee983421a046,2026-03-16 18:28:42.441781+00:00,0,1,1,1,11.619156283333332,11.619156283333332
63a6fc40-0d1e-4fde-9cd6-50f41df5ffc6,36e75d85-db7f-499d-8d6b-ee983421a046,2026-03-16 19:32:00.877372+00:00,0,0,1,1,74.92641613333333,74.92641613333333
a58b2fdd-5377-41f3-8e14-d8a793af1942,36e75d85-db7f-499d-8d6b-ee983421a046,2026-03-16 20:00:55.490116+00:00,0,0,1,1,103.83662853333334,103.83662853333334
2f9a9db3-10e4-4ae3-bd86-bfd2041bfeb1,36e75d85-db7f-499d-8d6b-ee983421a046,2026-03-16 20:26:15.397670+00:00,0,0,0,1,129.1684211,129.1684211
ffcc8121-91cb-40c2-ab36-4b8f94889260,36e75d85-db7f-499d-8d6b-ee983421a046,2026-03-16 20:39:57.894230+00:00,0,0,0,1,142.8766971,142.8766971
f84f7d7c-802f-41ee-88ec-c8ea3073cbf5,36e75d85-db7f-499d-8d6b-ee983421a046,2026-03-16 22:38:02.462374+00:00,0,1,1,2,10.602110166666668,260.95283283333333
57e222a9-1143-416b-b24f-fb170a059722,36e75d85-db7f-499d-8d6b-ee983421a046,2026-03-16 22:43:43.457705+00:00,0,1,1,2,16.285365683333332,266.63608835
9faa7537-17b1-4492-8399-a67cf278e5f1,36e75d85-db7f-499d-8d6b-ee983421a046,2026-03-16 23:27:26.123294+00:00,0,0,1,2,59.996458833333335,310.34718150000003
9c6412f6-86a4-4932-95b1-b1aa8e604735,36e75d85-db7f-499d-8d6b-ee983421a046,2026-03-16 23:46:13.726291+00:00,0,0,1,2,78.78984211666666,329.14056478333333
48d8dcc8-692b-4156-aa4f-625f8aea1661,36e75d85-db7f-499d-8d6b-ee983421a046,2026-03-17 00:09:10.369848+00:00,0,0,0,0,,
c7092743-11a3-42bb-86e5-7e8117a5757f,36e75d85-db7f-499d-8d6b-ee983421a046,2026-03-17 00:14:34.852001+00:00,0,0,0,0,,
b51c9675-6b80-44f8-a229-cf44ccb88c92,36e75d85-db7f-499d-8d6b-ee983421a046,2026-03-17 00:19:54.819121+00:00,0,0,0,0,,
ee9dc332-6561-477d-af1c-22cd1384e475,a57f0fd6-6977-43c3-86bb-cd34ef2a7a29,2026-03-17 18:49:43.545135+00:00,0,0,0,0,,
d5f1ee08-36df-40e6-8e6a-1c56e912594a,a57f0fd6-6977-43c3-86bb-cd34ef2a7a29,2026-03-17 18:58:47.606389+00:00,0,0,0,0,,
2ea36044-6d48-4371-8c5d-d955df6d68ea,a57f0fd6-6977-43c3-86bb-cd34ef2a7a29,2026-03-17 20:20:28.233580+00:00,0,1,1,1,26.67233975,26.67233975
8096ff40-3c0b-414e-a6e1-eef07aa99e7f,a57f0fd6-6977-43c3-86bb-cd34ef2a7a29,2026-03-17 20:26:15.254983+00:00,0,0,1,1,32.456029799999996,32.456029799999996
418e4cd0-6103-4f1b-9eaf-69931c1674c8,a3cd0e01-82b4-4a40-bbfd-448afbe493a5,2026-03-17 21:01:19.683095+00:00,0,0,0,0,,
14752602-af47-46be-92b7-1006e2fd594c,cdbc2977-3feb-4b78-967e-7636db3986d5,2026-03-17 21:10:01.275748+00:00,0,0,0,0,,
c311b020-b9b7-4474-be49-ecb53356f56c,cdbc2977-3feb-4b78-967e-7636db3986d5,2026-03-17 21:17:04.016034+00:00,0,0,0,0,,
b397c158-17f5-4db5-aed6-af055438c82a,cdbc2977-3feb-4b78-967e-7636db3986d5,2026-03-17 21:29:05.622704+00:00,0,0,0,0,,
19fe85b3-e0df-49ba-9aaa-c48ad5b6fcf4,cdbc2977-3feb-4b78-967e-7636db3986d5,2026-03-17 21:48:12.648546+00:00,0,0,0,0,,
3427d60c-c677-4b79-bd9e-0c05512302bd,cdbc2977-3feb-4b78-967e-7636db3986d5,2026-03-17 21:54:05.533970+00:00,0,0,0,0,,
a0b62e05-8af4-4fa3-be0d-0571bc14da76,cdbc2977-3feb-4b78-967e-7636db3986d5,2026-03-17 22:10:42.802094+00:00,0,0,0,0,,
dfafca12-f628-4370-977b-59dd682e4375,cdbc2977-3feb-4b78-967e-7636db3986d5,2026-03-17 22:18:28.552148+00:00,0,0,0,0,,
3ef7bfd5-624d-4768-a779-ece5c2f129a1,cdbc2977-3feb-4b78-967e-7636db3986d5,2026-03-17 22:36:31.395437+00:00,0,0,0,0,,
0dddc6bb-3c37-4214-964c-77907c7601ea,36e75d85-db7f-499d-8d6b-ee983421a046,2026-03-18 00:58:51.421217+00:00,0,0,0,0,,
c009a013-aeed-4725-9630-a88eaa40ebac,a57f0fd6-6977-43c3-86bb-cd34ef2a7a29,2026-03-18 02:57:16.836460+00:00,0,0,0,0,,
a3a49861-8ca9-4bd7-a8a0-7ca7c39e2ed4,a57f0fd6-6977-43c3-86bb-cd34ef2a7a29,2026-03-18 03:01:11.061988+00:00,0,0,0,0,,
0d1e4266-0db8-4823-bca4-32ed82383bc0,69ce191d-25f7-4ae6-b5fc-26bdc90e84aa,2026-03-18 15:24:05.807237+00:00,0,0,6,6,35.57332101666667,41.084198750000006
835de9cc-b5da-42e0-8f78-0c96ddcf42f6,a57f0fd6-6977-43c3-86bb-cd34ef2a7a29,2026-03-18 15:54:03.287158+00:00,0,2,2,2,16.832410133333333,23.073826483333335
dae06965-2c2a-4de2-ad93-eab99d273db4,a57f0fd6-6977-43c3-86bb-cd34ef2a7a29,2026-03-18 16:05:34.392396+00:00,0,1,2,2,28.350830766666665,34.59224711666666
ef677fa9-4d7e-41d4-a8d0-cdefb9b9bd52,a57f0fd6-6977-43c3-86bb-cd34ef2a7a29,2026-03-18 16:09:10.773825+00:00,0,0,2,2,31.957187916666665,38.19860426666666
0484e948-9f4b-4745-ab84-5b8e2e137c97,a57f0fd6-6977-43c3-86bb-cd34ef2a7a29,2026-03-18 16:28:36.712114+00:00,0,0,2,2,51.389492733333334,57.630909083333336
8d47ea60-8e9c-4e1e-9b90-308c1a5aa8dd,a57f0fd6-6977-43c3-86bb-cd34ef2a7a29,2026-03-18 16:31:51.909477+00:00,0,0,2,2,54.642782116666666,60.88419846666667
9fb0874e-d656-4c62-bc9e-793f083c4aec,36e75d85-db7f-499d-8d6b-ee983421a046,2026-03-18 17:51:39.958836+00:00,0,0,0,0,,
6111c7a3-134a-4bc6-9f9c-02d907550d59,36e75d85-db7f-499d-8d6b-ee983421a046,2026-03-18 18:06:03.180098+00:00,0,0,0,0,,
2d70c0ee-49e2-40cc-8ef4-398a015b31ba,36e75d85-db7f-499d-8d6b-ee983421a046,2026-03-18 18:13:37.334836+00:00,0,0,0,0,,
384fc819-2ab4-431d-8f75-5c0757e6b525,a57f0fd6-6977-43c3-86bb-cd34ef2a7a29,2026-03-18 18:19:02.925571+00:00,0,0,0,2,161.82638368333335,168.06780003333333
66461198-07c6-48c4-ab40-a02eb5d6bde7,36e75d85-db7f-499d-8d6b-ee983421a046,2026-03-18 18:20:18.239183+00:00,0,0,0,0,,
67abe8d6-eb4b-4771-adf0-9fecffee7139,a57f0fd6-6977-43c3-86bb-cd34ef2a7a29,2026-03-19 18:29:05.346131+00:00,0,0,0,0,,
f85ed7c0-d67c-4d5a-9dfa-09eca6f5fcf7,a57f0fd6-6977-43c3-86bb-cd34ef2a7a29,2026-03-19 18:33:07.613704+00:00,0,0,0,0,,
9a8011df-915a-4a0d-9dcf-bd245536203d,a57f0fd6-6977-43c3-86bb-cd34ef2a7a29,2026-03-19 18:36:55.954681+00:00,0,0,0,0,,
e67af038-f163-4b95-8d31-8c003ca8318e,a57f0fd6-6977-43c3-86bb-cd34ef2a7a29,2026-03-19 18:39:26.892431+00:00,0,0,0,0,,
895dd77b-e931-4b45-bc3b-337dc5cab355,a57f0fd6-6977-43c3-86bb-cd34ef2a7a29,2026-03-19 18:41:22.002985+00:00,0,0,0,0,,
8ef6e1b0-dd24-4784-8aaa-51a26340a1a9,e118f03c-0bb2-4c81-903d-b02f4aa15f26,2026-03-20 12:31:25.048261+00:00,0,0,0,0,,
d54d8072-5523-4404-9066-5ec556fea623,a57f0fd6-6977-43c3-86bb-cd34ef2a7a29,2026-03-20 13:18:19.806689+00:00,0,1,1,1,5.4796018,5.4796018
a8f8e90b-bf84-4c42-80c2-7c961cb8df24,e118f03c-0bb2-4c81-903d-b02f4aa15f26,2026-03-20 20:56:09.032185+00:00,0,0,0,0,,
c3de7c3b-9136-4c78-82e3-9e478074b36e,a57f0fd6-6977-43c3-86bb-cd34ef2a7a29,2026-03-20 21:48:15.445281+00:00,0,1,1,2,26.9975984,515.4069116666667
7ccb6046-0ee7-49bd-a053-6a31624f6266,36e75d85-db7f-499d-8d6b-ee983421a046,2026-03-21 22:03:47.611550+00:00,0,0,0,0,,
8175e9d8-7fe3-4004-af4c-5e20150faf4f,fd9b7f36-2943-4ceb-b658-83c814782ac3,2026-03-23 16:01:44.463596+00:00,0,0,0,0,,
7a87f3fb-fb63-49df-b252-314e9c2d979f,36e75d85-db7f-499d-8d6b-ee983421a046,2026-03-23 16:19:42.291725+00:00,0,1,1,1,5.598666833333334,5.598666833333334
ccc8ddea-af31-4cf3-980e-a80c23c040bc,a57f0fd6-6977-43c3-86bb-cd34ef2a7a29,2026-03-23 20:07:13.840083+00:00,0,0,0,0,,
9abe6a8f-e1f0-40e8-a26b-e925b5da9d7f,a57f0fd6-6977-43c3-86bb-cd34ef2a7a29,2026-03-24 00:29:00.388204+00:00,0,0,0,0,,
d4b0dcb4-ad94-47f1-b879-9a849ea28078,ce6e5c8c-b2e1-4acd-89fe-b42fe49a86bc,2026-03-24 00:29:00.682685+00:00,0,6,6,6,22.981624800000002,28.6030668
2f5b98a7-ba9e-46ab-8371-93d9184220b5,a57f0fd6-6977-43c3-86bb-cd34ef2a7a29,2026-03-24 00:33:38.065395+00:00,0,0,0,0,,
46ca0aad-95f5-4fbd-960d-46f69c7e7b4b,a57f0fd6-6977-43c3-86bb-cd34ef2a7a29,2026-03-24 00:43:41.171414+00:00,0,0,0,0,,
710898ff-ce7e-4920-a828-3896c0baecbf,e118f03c-0bb2-4c81-903d-b02f4aa15f26,2026-03-24 00:43:44.593683+00:00,0,0,0,0,,
f5f43cd0-bdfa-49aa-8f22-43ddfc5e4a7a,a57f0fd6-6977-43c3-86bb-cd34ef2a7a29,2026-03-24 00:50:19.133495+00:00,0,0,0,0,,
cb87c5b0-2bc5-46cf-aaba-4ee6b5f589f1,a57f0fd6-6977-43c3-86bb-cd34ef2a7a29,2026-03-24 00:55:31.737668+00:00,1,1,1,1,4.947799416666667,4.947799416666667
3989f0d8-2cea-4103-8c9a-27010f70bafd,a57f0fd6-6977-43c3-86bb-cd34ef2a7a29,2026-03-24 02:34:16.530377+00:00,0,0,3,3,92.99010548333334,103.69434456666666
98a17281-10ba-49d5-af16-cd6992c9f9bc,a57f0fd6-6977-43c3-86bb-cd34ef2a7a29,2026-03-24 13:25:46.923702+00:00,0,0,0,3,744.4966609,755.2008999833334
039e2055-8b61-4dbd-9999-0152e8d15509,69ce191d-25f7-4ae6-b5fc-26bdc90e84aa,2026-03-24 13:33:28.584503+00:00,0,0,0,0,,
50486d05-3d87-4323-91b2-41d3db524ab9,68094f87-01d0-4966-aae7-21eb452e918d,2026-03-24 13:49:35.111701+00:00,0,0,0,0,,
40cb1f23-379a-4c3b-a365-9c75203aebfb,a57f0fd6-6977-43c3-86bb-cd34ef2a7a29,2026-03-24 13:58:55.232309+00:00,0,0,0,3,777.6351376833334,788.3393767666668
fe24a861-b46e-4c92-b031-bf2d434efca9,a57f0fd6-6977-43c3-86bb-cd34ef2a7a29,2026-03-24 14:08:26.910264+00:00,0,2,2,5,7.270439233333334,797.8673426833334
8bc389d6-4dbd-4646-a873-e09be9be7d42,f63c93e7-16f1-4495-8e5f-220cf1bd0587,2026-03-24 14:31:00.736632+00:00,0,0,0,0,,
cf6e1226-db19-48c6-919b-e6d0afad6504,f63c93e7-16f1-4495-8e5f-220cf1bd0587,2026-03-24 14:35:55.424486+00:00,0,0,0,0,,
5df003db-e875-476e-be06-c29095117b6f,ce6e5c8c-b2e1-4acd-89fe-b42fe49a86bc,2026-03-25 00:04:06.339787+00:00,0,0,0,0,,
41792c0f-bd2b-4346-9fd0-17bba1c412b6,36e75d85-db7f-499d-8d6b-ee983421a046,2026-03-25 00:15:56.900776+00:00,0,0,0,0,,
909fed24-4625-460b-81a3-95b29b105583,a57f0fd6-6977-43c3-86bb-cd34ef2a7a29,2026-03-25 02:43:59.972057+00:00,0,0,1,3,31.354144183333336,150.51847985
bd7afdaf-ebe7-4255-9e0e-9626a686a9b4,68094f87-01d0-4966-aae7-21eb452e918d,2026-03-25 03:41:26.813222+00:00,0,0,0,0,,
4a15402c-a9f0-4441-846a-10155ff370b7,a57f0fd6-6977-43c3-86bb-cd34ef2a7a29,2026-03-25 03:46:24.362693+00:00,1,1,2,4,3.234562166666667,212.92499045000002
48a1f266-be42-4660-8520-cf8dae598de7,a57f0fd6-6977-43c3-86bb-cd34ef2a7a29,2026-03-25 03:51:50.900434+00:00,0,1,2,4,8.676857850000001,218.36728613333335
9acfb7dc-b0a8-4339-82bf-005dde6940ab,a57f0fd6-6977-43c3-86bb-cd34ef2a7a29,2026-03-25 03:59:26.187461+00:00,0,1,2,4,16.264974966666667,225.95540325
271e9035-005a-45dc-b5eb-d8ae8b7d4737,ce6e5c8c-b2e1-4acd-89fe-b42fe49a86bc,2026-03-25 15:06:51.088392+00:00,0,0,0,1,884.3901858333334,884.3901858333334
59b36345-9456-4037-bd22-7c804979f3d9,a57f0fd6-6977-43c3-86bb-cd34ef2a7a29,2026-03-25 16:04:41.051777+00:00,0,0,0,4,741.5127135666667,951.20314185
2651bdd6-a63b-4429-ba43-76dd4213ba0a,36e75d85-db7f-499d-8d6b-ee983421a046,2026-03-25 19:21:33.255784+00:00,0,0,0,1,928.3169836166667,928.3169836166667
a6d143d3-15cd-4596-a6bb-36a90cc9af9d,a57f0fd6-6977-43c3-86bb-cd34ef2a7a29,2026-03-25 19:58:54.898847+00:00,3,3,3,7,3.2424848666666666,1185.43392635
deaaf2c8-f914-4f34-bf79-21ab6c9307b9,a57f0fd6-6977-43c3-86bb-cd34ef2a7a29,2026-03-25 20:00:33.948670+00:00,1,3,3,7,4.89331525,1187.0847567333333
5fa1cfb2-82dd-480e-b2f0-f1565347220f,a57f0fd6-6977-43c3-86bb-cd34ef2a7a29,2026-03-25 20:04:18.047108+00:00,0,3,3,7,8.628289216666667,1190.8197307
9b7d7d4a-86f2-4cfc-8ae5-372ac09c46e2,cdbc2977-3feb-4b78-967e-7636db3986d5,2026-03-26 00:42:44.739480+00:00,0,0,0,0,,
529a54aa-ad2d-4163-836d-ceda5273336e,cdbc2977-3feb-4b78-967e-7636db3986d5,2026-03-26 00:49:52.549284+00:00,0,0,0,0,,
7d6e2e33-ea84-4c57-b088-3eaf88ae72ae,cdbc2977-3feb-4b78-967e-7636db3986d5,2026-03-26 00:56:44.813002+00:00,0,0,0,0,,
e58dc241-590b-4397-af24-b574f45cc38a,cdbc2977-3feb-4b78-967e-7636db3986d5,2026-03-26 01:03:28.754845+00:00,0,0,0,0,,
05cca096-e76d-403e-8ff3-07ff16326292,cdbc2977-3feb-4b78-967e-7636db3986d5,2026-03-26 01:06:21.788478+00:00,0,0,0,0,,
ae18153d-1566-4101-9c30-e30a9cb50c74,cdbc2977-3feb-4b78-967e-7636db3986d5,2026-03-26 01:13:21.322766+00:00,0,0,0,0,,
ed72e73f-5e2b-44ab-b1b5-faadf0033305,cdbc2977-3feb-4b78-967e-7636db3986d5,2026-03-26 01:15:41.032953+00:00,0,0,0,0,,
4e8d55f4-97c0-48fd-8a05-4c98e1cdd508,a57f0fd6-6977-43c3-86bb-cd34ef2a7a29,2026-03-26 13:34:58.588690+00:00,0,0,6,7,102.3020322,770.5655849666667
49a0985f-3024-46c4-83c8-397151acbd26,a57f0fd6-6977-43c3-86bb-cd34ef2a7a29,2026-03-26 14:41:41.523654+00:00,0,0,0,7,169.01761493333333,837.2811677000001
8521b44b-61ba-4e85-b88d-faca23a6f2f7,e118f03c-0bb2-4c81-903d-b02f4aa15f26,2026-03-26 15:34:29.167463+00:00,0,0,0,0,,
31227dae-0ba6-4134-979a-d792170b42d5,69ce191d-25f7-4ae6-b5fc-26bdc90e84aa,2026-03-27 14:18:40.852148+00:00,0,0,0,1,805.9660769833333,805.9660769833333
0cc9b2f0-8cc7-4904-b683-bca09422145e,69ce191d-25f7-4ae6-b5fc-26bdc90e84aa,2026-03-27 20:12:01.864203+00:00,0,0,0,3,215.5190965333333,1159.3162779000002
7bc9ea61-83be-4bc4-9f8a-378e1a57ae2f,69ce191d-25f7-4ae6-b5fc-26bdc90e84aa,2026-03-27 20:17:54.998575+00:00,0,0,0,3,221.4046694,1165.2018507666667
5b20b634-e8a8-42c0-940e-225e94fc563c,69ce191d-25f7-4ae6-b5fc-26bdc90e84aa,2026-03-27 20:24:44.188316+00:00,0,0,0,3,228.22449841666668,1172.0216797833334
9de4932a-7187-4fde-ab27-97531771c594,69ce191d-25f7-4ae6-b5fc-26bdc90e84aa,2026-03-27 20:30:35.860854+00:00,0,0,0,3,234.08570738333336,1177.88288875
a903e5ec-388f-40ce-9371-6404be81c3a5,69ce191d-25f7-4ae6-b5fc-26bdc90e84aa,2026-03-27 20:39:04.859726+00:00,0,0,0,3,242.56902191666669,1186.3662032833333
cdf5bda1-b8d1-4b10-b17e-d388781c55a1,69ce191d-25f7-4ae6-b5fc-26bdc90e84aa,2026-03-27 20:50:58.103371+00:00,0,0,0,3,254.456416,1198.2535973666668
506ef1ca-696d-4f92-981c-8c5066a1b8d7,69ce191d-25f7-4ae6-b5fc-26bdc90e84aa,2026-03-27 20:54:44.405442+00:00,0,0,0,3,258.2281171833333,1202.0252985500001
c14c6789-6aac-4c2c-90a0-0a067eaa1328,69ce191d-25f7-4ae6-b5fc-26bdc90e84aa,2026-03-27 20:58:24.793597+00:00,0,0,0,3,261.9012531,1205.6984344666666
b8cd81c8-3ece-4072-844d-fb159d70cc2a,a57f0fd6-6977-43c3-86bb-cd34ef2a7a29,2026-03-27 21:22:03.212497+00:00,0,0,0,1,489.89961213333333,489.89961213333333
662ac2e6-e1d5-4cb1-81d5-60f3eeb9a86b,cdbc2977-3feb-4b78-967e-7636db3986d5,2026-03-28 00:53:31.175200+00:00,0,0,0,0,,
9cf7d488-6117-488c-be04-b933971c02df,cdbc2977-3feb-4b78-967e-7636db3986d5,2026-03-28 00:57:48.234085+00:00,0,0,0,0,,
d1afceeb-221f-484e-9e6b-985611fc16ef,cdbc2977-3feb-4b78-967e-7636db3986d5,2026-03-28 01:03:14.354676+00:00,0,0,0,0,,
6ba03b31-d756-4c27-917c-4192b8f1eef7,cdbc2977-3feb-4b78-967e-7636db3986d5,2026-03-28 01:18:55.400944+00:00,0,0,0,0,,
920bc032-10d8-42b3-8a40-3b55dc88e9c2,cdbc2977-3feb-4b78-967e-7636db3986d5,2026-03-28 01:54:57.515224+00:00,0,3,3,3,21.5585042,22.669612949999998
be2c5375-9a79-42e1-97a1-4ef707aefb47,a57f0fd6-6977-43c3-86bb-cd34ef2a7a29,2026-03-29 01:51:24.313175+00:00,0,0,0,0,,
788fac9b-e757-42b3-b2a0-ce6d0d84386b,69ce191d-25f7-4ae6-b5fc-26bdc90e84aa,2026-03-29 13:19:23.617782+00:00,0,0,0,0,,
4de68fbf-3d0a-4a54-b6de-421f089f46ea,69ce191d-25f7-4ae6-b5fc-26bdc90e84aa,2026-03-29 13:40:53.308702+00:00,0,0,0,0,,
00432174-df04-44d2-a021-bcb142791fba,4ce403f9-c662-4caa-8576-c10e71f01c4b,2026-03-30 06:59:43.514591+00:00,0,0,0,0,,
ee61cd00-dfca-427c-90a7-72e336c2804b,a57f0fd6-6977-43c3-86bb-cd34ef2a7a29,2026-03-30 11:28:28.135600+00:00,0,0,0,0,,
4e7f8ea7-2678-4290-837e-129a5d805d2a,a57f0fd6-6977-43c3-86bb-cd34ef2a7a29,2026-03-30 18:03:39.990127+00:00,0,0,0,0,,
67d2925e-aacc-408b-81d5-f0bbdbcd8f25,cdbc2977-3feb-4b78-967e-7636db3986d5,2026-03-30 20:28:39.035599+00:00,0,0,0,0,,
0b89993c-fca3-4e23-a4c0-857864547c61,a57f0fd6-6977-43c3-86bb-cd34ef2a7a29,2026-03-30 20:38:49.810654+00:00,1,1,1,2,4.8621551,154.72849908333333
f72598fd-701b-4eff-a500-06007ceae2ba,a57f0fd6-6977-43c3-86bb-cd34ef2a7a29,2026-03-30 20:42:16.291398+00:00,0,1,1,2,8.303500833333334,158.16984481666665
aff32161-e65b-4248-9059-f9f9587167e6,cdbc2977-3feb-4b78-967e-7636db3986d5,2026-03-30 20:42:26.732732+00:00,0,1,1,1,8.313781,8.313781
a346ccdb-19c6-4772-a1f9-365d904f4954,cdbc2977-3feb-4b78-967e-7636db3986d5,2026-03-30 20:44:42.548265+00:00,0,1,1,1,10.577373216666667,10.577373216666667
7df1ceec-a971-4f2e-b0d1-0338efd5d658,a57f0fd6-6977-43c3-86bb-cd34ef2a7a29,2026-03-30 20:46:59.231372+00:00,0,1,1,2,13.019167066666666,162.88551105
34eaef5b-6a03-410e-9b2d-4021a9a9c1e5,a57f0fd6-6977-43c3-86bb-cd34ef2a7a29,2026-03-30 20:51:50.854584+00:00,0,1,1,2,17.879553933333334,167.74589791666668
d55180e3-8b1b-4878-a4a0-e3119a620cb2,cdbc2977-3feb-4b78-967e-7636db3986d5,2026-03-30 21:14:53.192653+00:00,0,0,1,1,40.75477968333333,40.75477968333333
be4d9360-5665-4b0a-948f-791b10119259,cdbc2977-3feb-4b78-967e-7636db3986d5,2026-03-30 21:26:32.273001+00:00,0,0,1,1,52.40611881666667,52.40611881666667
d70195a4-3836-414a-81bf-469f43272d92,cdbc2977-3feb-4b78-967e-7636db3986d5,2026-03-30 21:49:45.058277+00:00,0,0,1,1,75.61920675,75.61920675
5b12d1fe-efd8-46f4-9560-34aaa6407c43,4ce403f9-c662-4caa-8576-c10e71f01c4b,2026-03-31 01:59:08.014041+00:00,0,0,0,0,,
7934dd1d-047f-4c64-9dcf-3f652c2d1b15,4ce403f9-c662-4caa-8576-c10e71f01c4b,2026-03-31 03:34:41.729245+00:00,0,0,0,0,,
8cd940e6-6fb4-4d8f-a62d-d6a21905765f,4ce403f9-c662-4caa-8576-c10e71f01c4b,2026-03-31 05:46:54.929329+00:00,0,0,0,0,,
5725c07e-90ce-4d79-aac3-6735127d1b7a,4ce403f9-c662-4caa-8576-c10e71f01c4b,2026-03-31 06:02:36.104439+00:00,0,0,0,0,,
7dd1333c-965d-46fa-8cd1-ed9b72007ce5,4ce403f9-c662-4caa-8576-c10e71f01c4b,2026-03-31 06:35:11.901306+00:00,0,0,0,0,,
7f7d6da9-f3a4-4237-be63-d847b5f3b455,a57f0fd6-6977-43c3-86bb-cd34ef2a7a29,2026-03-31 18:10:49.250948+00:00,0,0,0,0,,
e3cf0aa2-3b6e-45a9-935b-7c56fb19885f,a57f0fd6-6977-43c3-86bb-cd34ef2a7a29,2026-03-31 20:20:24.125026+00:00,0,0,0,0,,
5600785f-3893-4234-880e-ab0f18e03b3c,cdbc2977-3feb-4b78-967e-7636db3986d5,2026-03-31 20:24:02.325551+00:00,0,4,4,4,6.013533333333333,8.761950033333333
d6b96bdb-f8f0-4c0f-a3a1-3f7006fcf69f,cdbc2977-3feb-4b78-967e-7636db3986d5,2026-03-31 20:26:49.392983+00:00,0,4,4,4,8.797990533333332,11.546407233333333
f7592fa2-4687-422a-8ae9-ca3a26b929cd,cdbc2977-3feb-4b78-967e-7636db3986d5,2026-03-31 20:29:02.854148+00:00,0,4,4,4,11.022343283333333,13.770759983333333
150f31af-7b42-4c71-9226-0721d60164ba,cdbc2977-3feb-4b78-967e-7636db3986d5,2026-03-31 20:33:13.261973+00:00,0,4,4,4,15.195807033333333,17.944223733333335
bf1336e3-b10d-4adb-8fae-0b5406d30bbf,cdbc2977-3feb-4b78-967e-7636db3986d5,2026-03-31 20:36:56.056225+00:00,0,4,4,4,18.90904456666667,21.657461266666665
078f8190-dbf5-44a0-8b08-9ceab0722247,cdbc2977-3feb-4b78-967e-7636db3986d5,2026-03-31 20:43:05.151991+00:00,0,4,4,4,25.060640666666664,27.809057366666664
b365fdd7-00e7-46cd-8fe4-876074e933fa,a57f0fd6-6977-43c3-86bb-cd34ef2a7a29,2026-03-31 20:57:53.782893+00:00,0,0,0,0,,
8a6a0f4a-875f-4cac-bce3-5c8f12d6d28e,cdbc2977-3feb-4b78-967e-7636db3986d5,2026-03-31 21:03:18.343126+00:00,0,0,4,4,45.28049291666667,48.02890961666667
c4fe4383-3f4f-4d8f-8baf-e9b7eb3758cc,cdbc2977-3feb-4b78-967e-7636db3986d5,2026-03-31 21:43:37.923715+00:00,0,0,4,4,85.60683606666666,88.35525276666667
f3a3cb58-e119-402e-8059-455ca8627991,4ce403f9-c662-4caa-8576-c10e71f01c4b,2026-03-31 22:01:00.940832+00:00,0,0,0,0,,
f04de763-9d17-452d-a25b-e13b6b9e35d4,4ce403f9-c662-4caa-8576-c10e71f01c4b,2026-03-31 22:50:43.428415+00:00,0,0,0,0,,
1c4a7f68-52a7-479f-ac16-a920506233cf,4ce403f9-c662-4caa-8576-c10e71f01c4b,2026-03-31 23:42:13.396359+00:00,0,0,0,0,,
e4f24900-3c94-4666-b8fa-337950d85dd6,cdbc2977-3feb-4b78-967e-7636db3986d5,2026-04-01 01:29:18.546288+00:00,1,1,1,1,3.2585374833333334,3.2585374833333334
c03bdfeb-d916-4174-a088-ebc57cb5710c,4ce403f9-c662-4caa-8576-c10e71f01c4b,2026-04-01 01:30:57.337845+00:00,0,0,0,0,,
26f301c6-1032-4830-8a1d-8974adb5a46f,cdbc2977-3feb-4b78-967e-7636db3986d5,2026-04-01 01:34:23.308011+00:00,0,1,1,1,8.337899533333333,8.337899533333333
c9160c2a-0f82-463e-ac55-531a292eaba3,cdbc2977-3feb-4b78-967e-7636db3986d5,2026-04-01 01:39:24.751857+00:00,0,1,1,1,13.361963633333334,13.361963633333334
6a5c2714-d2c1-4207-980f-683c9d2c6562,cdbc2977-3feb-4b78-967e-7636db3986d5,2026-04-01 01:46:23.481365+00:00,0,1,1,1,20.340788766666666,20.340788766666666
cd5dcf31-f9c6-4480-8e0b-f65909e48a84,4ce403f9-c662-4caa-8576-c10e71f01c4b,2026-04-01 02:10:21.943587+00:00,0,0,0,0,,
4da72f27-6d6f-4f46-94d6-42c721fe300e,4ce403f9-c662-4caa-8576-c10e71f01c4b,2026-04-01 06:13:41.760700+00:00,0,0,0,1,174.60458943333333,174.60458943333333
e7746b1d-9c7f-4f55-9df8-b291b48fbb2e,4ce403f9-c662-4caa-8576-c10e71f01c4b,2026-04-01 06:47:56.528688+00:00,0,0,0,1,208.85072256666666,208.85072256666666
42c2175a-b8d5-42e3-b618-79dbeca4fe70,4ce403f9-c662-4caa-8576-c10e71f01c4b,2026-04-01 06:51:20.418037+00:00,0,0,0,1,212.24887838333333,212.24887838333333
cd5f315d-bfc8-4891-8418-68dd04735f3f,69ce191d-25f7-4ae6-b5fc-26bdc90e84aa,2026-04-01 12:11:36.117507+00:00,0,1,2,3,23.329613916666666,193.9012168666667
8807163f-7635-493b-b640-2ea25f5acf07,a57f0fd6-6977-43c3-86bb-cd34ef2a7a29,2026-04-01 12:25:20.119410+00:00,0,0,0,0,,
c8538cd4-e086-446b-99f0-6f6746eb603b,a57f0fd6-6977-43c3-86bb-cd34ef2a7a29,2026-04-01 12:30:52.667839+00:00,0,0,0,0,,
399bdc23-c4c3-4b92-b560-baba6bf2963e,a57f0fd6-6977-43c3-86bb-cd34ef2a7a29,2026-04-01 12:49:13.751538+00:00,0,1,1,1,11.743204333333333,11.743204333333333
606b1d84-efaa-43b8-95ef-24c757184970,a57f0fd6-6977-43c3-86bb-cd34ef2a7a29,2026-04-01 13:15:40.341626+00:00,0,0,1,1,38.18637246666666,38.18637246666666
08b228dc-97fc-4395-bbb5-c87a382fd72a,a57f0fd6-6977-43c3-86bb-cd34ef2a7a29,2026-04-01 13:18:44.552678+00:00,0,0,1,1,41.25655666666667,41.25655666666667
0d593837-5e52-49d1-814e-abf4cadfe479,e118f03c-0bb2-4c81-903d-b02f4aa15f26,2026-04-01 13:44:45.611408+00:00,0,2,2,2,6.58632325,10.4502714
e57dbd18-64f0-48dd-9554-b8ba9d3fed87,fd9b7f36-2943-4ceb-b658-83c814782ac3,2026-04-01 14:00:53.691342+00:00,0,0,0,0,,
0596b538-e408-4864-9f50-202e356eb492,a57f0fd6-6977-43c3-86bb-cd34ef2a7a29,2026-04-01 14:04:55.895077+00:00,0,2,3,3,15.798512350000001,87.44559665
957b99dc-a63f-4a41-a36c-aab8491473dd,fd9b7f36-2943-4ceb-b658-83c814782ac3,2026-04-01 14:32:23.911170+00:00,0,0,0,0,,
b66e8a20-ccdd-4d2a-8b10-38e16a7835ae,fd9b7f36-2943-4ceb-b658-83c814782ac3,2026-04-01 14:41:54.514284+00:00,0,0,0,0,,
3044c66d-4008-415b-af59-dee03a16df46,fd9b7f36-2943-4ceb-b658-83c814782ac3,2026-04-01 14:49:19.735910+00:00,0,0,0,0,,
047cb2c4-d749-4d46-9032-14b47b06b4cb,fd9b7f36-2943-4ceb-b658-83c814782ac3,2026-04-01 20:41:19.248054+00:00,0,3,3,3,7.672227716666667,15.853472016666666
018ae8b7-87b0-45ba-83a4-a6e04db42692,fd9b7f36-2943-4ceb-b658-83c814782ac3,2026-04-01 22:57:51.666273+00:00,0,0,3,6,68.73705935,152.39377566666664
47d010f4-997f-48bc-a3e9-323050ebdb4d,a57f0fd6-6977-43c3-86bb-cd34ef2a7a29,2026-04-02 00:22:15.509691+00:00,0,0,0,0,,
c4154a9f-2da6-40cf-a198-a48326bb73f4,fd9b7f36-2943-4ceb-b658-83c814782ac3,2026-04-02 01:11:32.041307+00:00,0,0,0,0,,
12300b25-b197-415c-a274-cec66e904e00,fd9b7f36-2943-4ceb-b658-83c814782ac3,2026-04-02 02:16:41.962346+00:00,0,0,3,3,40.11579138333333,51.18134275
9244688f-635d-41c3-b510-99e06c485b98,fd9b7f36-2943-4ceb-b658-83c814782ac3,2026-04-02 03:20:08.389727+00:00,0,1,6,6,22.747934983333334,114.6217991
7b423646-314f-4b5d-b7d8-7594dd2e866e,a57f0fd6-6977-43c3-86bb-cd34ef2a7a29,2026-04-02 03:26:08.458871+00:00,0,0,2,2,57.89429855,116.21816378333332
aedbe598-910f-42c5-88a7-14659d933b8f,fd9b7f36-2943-4ceb-b658-83c814782ac3,2026-04-02 03:46:58.986955+00:00,0,3,6,9,6.16636835,141.46508623333332
594148de-e785-473d-a6b0-cd51dbd1e652,a57f0fd6-6977-43c3-86bb-cd34ef2a7a29,2026-04-02 03:53:24.392373+00:00,0,1,2,3,8.710775383333333,143.48372215
6ea78b7c-bd8a-4a77-a7ca-3a4f0708d8a4,fd9b7f36-2943-4ceb-b658-83c814782ac3,2026-04-02 04:17:41.448007+00:00,0,3,9,12,9.182417166666665,172.17277043333334
8435f474-6db5-432c-bcf2-b6136365bb39,4ce403f9-c662-4caa-8576-c10e71f01c4b,2026-04-02 06:05:33.982550+00:00,0,0,3,3,42.9083828,68.42316550000001
aed25b1e-60fd-49f2-b039-86ff426c2586,60264769-e015-4dba-b2f4-6bfdffed12b3,2026-04-02 11:58:32.266106+00:00,1,5,5,5,4.1030712,15.350906183333333
69d90c73-d0cc-45fe-836b-9c58cfadb029,a57f0fd6-6977-43c3-86bb-cd34ef2a7a29,2026-04-02 12:27:19.740605+00:00,0,1,2,7,11.023893483333334,657.4061926833333
f809db60-c27d-41f2-afd8-d346412f6734,a57f0fd6-6977-43c3-86bb-cd34ef2a7a29,2026-04-02 13:41:30.321714+00:00,0,0,1,7,85.2002453,731.5825444999999
754557ee-3ddb-440c-a47d-b1e0815e0066,a57f0fd6-6977-43c3-86bb-cd34ef2a7a29,2026-04-02 14:03:37.718179+00:00,0,0,1,7,107.32351971666667,753.7058189166667
61de7a3e-4e36-444c-965e-031d55bddde0,a57f0fd6-6977-43c3-86bb-cd34ef2a7a29,2026-04-02 14:14:13.354762+00:00,0,0,1,7,117.91746276666666,764.2997619666668
b5014bfa-2df8-45fe-bb96-4ea7f84c4753,fd9b7f36-2943-4ceb-b658-83c814782ac3,2026-04-02 14:29:51.438084+00:00,0,0,0,13,154.9923625,784.3392717166666
2537b9f3-bc4d-4093-9156-ec03a414b729,fd9b7f36-2943-4ceb-b658-83c814782ac3,2026-04-02 14:35:46.954194+00:00,0,0,0,13,160.917631,790.2645402166667
68a4975d-f7e0-4380-9021-5fa359464f37,fd9b7f36-2943-4ceb-b658-83c814782ac3,2026-04-02 15:03:22.036503+00:00,0,0,0,13,188.50233615,817.8492453666667
7d38c07a-ef26-4d6f-813d-a47a1c405e48,fd9b7f36-2943-4ceb-b658-83c814782ac3,2026-04-02 15:08:37.601899+00:00,0,0,0,13,193.76175941666668,823.1086686333333
e0b80bb7-71c4-4f6a-8618-386b524c5da0,a57f0fd6-6977-43c3-86bb-cd34ef2a7a29,2026-04-02 15:10:27.817668+00:00,0,2,2,9,12.926070166666667,820.5408103999999
e687d8fb-d481-4f2f-b514-22e30ad3daea,a57f0fd6-6977-43c3-86bb-cd34ef2a7a29,2026-04-02 15:20:33.768218+00:00,0,2,2,9,23.025246,830.6399862333333
60457793-86a9-4b09-aaac-6af1d4e12add,a57f0fd6-6977-43c3-86bb-cd34ef2a7a29,2026-04-02 15:26:05.608653+00:00,0,1,2,9,28.555919916666667,836.1706601499999
28624342-9eed-4cf6-a81f-b560acc8ed8c,fd9b7f36-2943-4ceb-b658-83c814782ac3,2026-04-02 15:27:39.085063+00:00,0,0,0,13,212.78647881666666,842.1333880333333
07fbb638-210d-484e-aad7-2677d744c76f,a57f0fd6-6977-43c3-86bb-cd34ef2a7a29,2026-04-02 15:32:51.390694+00:00,0,0,2,9,35.31895393333333,842.9336941666667
dd5efadf-e3b7-4e46-bff1-ccd718456500,fd9b7f36-2943-4ceb-b658-83c814782ac3,2026-04-02 15:35:30.473144+00:00,0,0,0,13,220.64294683333335,849.9898560500001
48adc6a9-4e27-4a67-adef-85df32250213,fd9b7f36-2943-4ceb-b658-83c814782ac3,2026-04-02 15:42:48.130369+00:00,0,0,0,13,227.93723391666666,857.2841431333333
05e82829-9f6d-4200-9c30-570df20636ef,fd9b7f36-2943-4ceb-b658-83c814782ac3,2026-04-02 15:47:33.074740+00:00,0,0,0,13,232.6863067666667,862.0332159833334
c3da5793-18c1-4758-b50e-4ea08b468bb2,fd9b7f36-2943-4ceb-b658-83c814782ac3,2026-04-02 16:06:51.093054+00:00,0,0,0,13,251.986612,881.3335212166666
94e3f04c-b673-46e5-aea5-4f14d1c1fe84,fd9b7f36-2943-4ceb-b658-83c814782ac3,2026-04-02 16:12:29.834661+00:00,0,0,0,13,257.63230545,886.9792146666666
6fbaac12-47f9-4d3d-8a02-d63316e1fa6e,fd9b7f36-2943-4ceb-b658-83c814782ac3,2026-04-02 19:03:34.671735+00:00,0,0,0,13,428.71292335,1058.0598325666667
7538e10c-eca9-48d6-8bcf-329f7b9a4995,fd9b7f36-2943-4ceb-b658-83c814782ac3,2026-04-02 19:12:49.866848+00:00,0,0,0,13,437.96617523333333,1067.31308445
ed7478e8-54dc-420e-a8f3-d00f0aae55b1,fd9b7f36-2943-4ceb-b658-83c814782ac3,2026-04-02 20:12:14.272226+00:00,0,0,0,13,497.3729315333333,1126.71984075
fb386339-7c81-4b1f-87fa-9f0a91b4b54a,fd9b7f36-2943-4ceb-b658-83c814782ac3,2026-04-02 20:20:42.756171+00:00,0,0,0,13,505.84766395,1135.1945731666667
ddf53381-f643-4aa7-9c18-eee143162a2c,fd9b7f36-2943-4ceb-b658-83c814782ac3,2026-04-02 20:48:51.345377+00:00,0,0,0,13,533.9908173833334,1163.3377266
f015b413-a37d-495a-ac9c-e93dc4918523,fd9b7f36-2943-4ceb-b658-83c814782ac3,2026-04-02 21:00:21.434388+00:00,0,0,0,13,545.4923009,1174.8392101166667
1fb4fab8-cafc-4b64-8054-a70ff66a090f,fd9b7f36-2943-4ceb-b658-83c814782ac3,2026-04-02 21:03:36.178992+00:00,0,0,0,13,548.7380443,1178.0849535166667
96f6ff4b-d250-47c5-a608-ddd1506c6bd2,a57f0fd6-6977-43c3-86bb-cd34ef2a7a29,2026-04-02 21:04:34.221672+00:00,0,1,1,10,17.800144699999997,1174.6475438
c66bd2a2-e61c-4abf-9cad-36ce19f2ba85,4ce403f9-c662-4caa-8576-c10e71f01c4b,2026-04-02 22:00:24.019440+00:00,0,1,2,14,7.71271665,1023.2571136666667
bbe47b48-71fe-4f88-bfe3-e1f48818ad37,4ce403f9-c662-4caa-8576-c10e71f01c4b,2026-04-02 22:55:28.659376+00:00,0,0,1,14,62.79004891666667,1078.3344459333334
0267ae46-c20c-4071-95e9-0ff88a9ece8f,4ce403f9-c662-4caa-8576-c10e71f01c4b,2026-04-02 23:01:18.725122+00:00,0,0,1,14,68.62447801666667,1084.1688750333333
cc8bfadb-f186-400a-8681-7b408be370e3,4ce403f9-c662-4caa-8576-c10e71f01c4b,2026-04-02 23:38:46.870947+00:00,0,0,1,14,106.0935751,1121.6379721166668
6e7ef973-6252-427c-9513-fe0955adce5b,4ce403f9-c662-4caa-8576-c10e71f01c4b,2026-04-02 23:49:18.605339+00:00,0,0,1,14,116.62248163333334,1132.1668786500002
0f4a173d-2e06-4b22-905b-43fbb8d74d4b,4ce403f9-c662-4caa-8576-c10e71f01c4b,2026-04-02 23:52:04.661510+00:00,0,0,1,14,119.39008448333334,1134.9344815
5596201d-6a5b-4a5e-80de-8910f05b5a10,4ce403f9-c662-4caa-8576-c10e71f01c4b,2026-04-02 23:55:06.653973+00:00,0,0,0,14,122.4232922,1137.9676892166667
4af01bf0-135e-48e0-94d9-fe0a270a9404,4ce403f9-c662-4caa-8576-c10e71f01c4b,2026-04-02 23:57:36.854359+00:00,0,0,0,14,124.92663196666668,1140.4710289833333
66b09d28-15a6-4b66-8a4b-28a7773b7953,4ce403f9-c662-4caa-8576-c10e71f01c4b,2026-04-03 00:17:21.893646+00:00,3,3,3,3,0.13573221666666668,0.4392875333333333
e3eea416-e0a2-4953-8977-869eafb6c355,4ce403f9-c662-4caa-8576-c10e71f01c4b,2026-04-03 06:35:04.424526+00:00,0,0,0,6,219.08795853333334,378.14813553333335
996c89f0-177b-43b1-8252-60b346c78bd6,4ce403f9-c662-4caa-8576-c10e71f01c4b,2026-04-03 06:42:21.047785+00:00,0,0,0,6,226.36501285,385.42518985
ef462d91-2d83-4acf-a6f7-8abad2744856,4ce403f9-c662-4caa-8576-c10e71f01c4b,2026-04-03 06:52:20.285591+00:00,0,0,0,6,236.35230961666667,395.4124866166667
641522c1-8f0b-4b68-a4b0-2a883cf07321,4ce403f9-c662-4caa-8576-c10e71f01c4b,2026-04-03 07:11:19.151774+00:00,0,0,0,6,255.33341266666667,414.3935896666666
d5ec5e8a-80bb-4f6d-8b69-ae3e0db13986,4ce403f9-c662-4caa-8576-c10e71f01c4b,2026-04-03 07:21:11.190958+00:00,0,0,0,6,265.2007324,424.2609094
b938d7f0-383a-4aec-8cc3-f6889cb94d2a,4ce403f9-c662-4caa-8576-c10e71f01c4b,2026-04-03 07:29:34.429285+00:00,0,0,0,6,273.58803785,432.64821485
c7c4a630-2143-467e-a791-39c5f22d4944,4ce403f9-c662-4caa-8576-c10e71f01c4b,2026-04-03 07:42:42.221449+00:00,0,0,0,6,286.71790725,445.77808425
2a76ef0b-eac8-41c7-905d-1d00ddcc76ad,4ce403f9-c662-4caa-8576-c10e71f01c4b,2026-04-03 07:50:07.155085+00:00,0,0,0,6,294.13346785,453.19364485
a4915154-ebf7-493a-98fc-98642b777d58,cdbc2977-3feb-4b78-967e-7636db3986d5,2026-04-03 12:49:56.084612+00:00,1,7,7,7,4.7904387,29.07218323333333
ee7c8d2f-cacb-4888-800d-3d7ad12616cc,cdbc2977-3feb-4b78-967e-7636db3986d5,2026-04-03 12:58:12.626244+00:00,0,4,7,7,13.066132566666665,37.3478771
d804e43e-f767-40c9-97b5-18926c81a87a,cdbc2977-3feb-4b78-967e-7636db3986d5,2026-04-03 13:13:52.696361+00:00,0,3,7,7,28.73396785,53.01571238333334
1500e9df-7a3b-4aa5-826a-9b84a46d112b,cdbc2977-3feb-4b78-967e-7636db3986d5,2026-04-03 13:22:13.207429+00:00,0,0,7,7,37.075818983333335,61.357563516666666
a35dba67-2364-4128-bfe9-d604fc968fd9,a57f0fd6-6977-43c3-86bb-cd34ef2a7a29,2026-04-03 13:31:09.411243+00:00,0,7,7,7,9.813890866666666,14.09757665
2bf0597e-eb3a-44ee-b501-ff1e007f43d5,cdbc2977-3feb-4b78-967e-7636db3986d5,2026-04-03 21:02:12.691450+00:00,0,0,0,7,497.0672193333333,521.3489638666666
d048b407-a504-4fe8-a492-2eece7147796,68094f87-01d0-4966-aae7-21eb452e918d,2026-04-03 22:34:17.329054+00:00,0,1,1,3,5.407246316666667,257.54502485
595e9508-6dec-41f3-81c9-16025ad09dd0,4ce403f9-c662-4caa-8576-c10e71f01c4b,2026-04-03 23:31:50.582049+00:00,0,0,2,8,69.64494928333333,1394.9174275833332
6e411a74-d4bb-4d46-87a1-884a60808f5d,4ce403f9-c662-4caa-8576-c10e71f01c4b,2026-04-03 23:49:35.761407+00:00,0,0,2,8,87.39793858333334,1412.6704168833335
6155bd7f-1849-4d19-9ae0-73370015b6b8,4ce403f9-c662-4caa-8576-c10e71f01c4b,2026-04-04 00:20:45.324255+00:00,3,3,3,3,0.21392933333333333,0.46272835
80b0123a-2fb9-4483-9116-a3cdc7ec6dc4,4ce403f9-c662-4caa-8576-c10e71f01c4b,2026-04-04 00:29:04.106321+00:00,0,6,6,6,7.6495631500000005,8.775762783333333
07e2310f-c1d8-4d9e-851f-6900d29df881,4ce403f9-c662-4caa-8576-c10e71f01c4b,2026-04-04 00:45:06.007223+00:00,0,6,6,6,23.68124485,24.80744448333333
f6d230fd-898e-41a9-9746-b3043d5deccb,4ce403f9-c662-4caa-8576-c10e71f01c4b,2026-04-04 00:57:10.913673+00:00,0,0,6,6,35.76301901666667,36.88921865
54d84fa7-62f9-418b-bf56-7b00c31baa24,4ce403f9-c662-4caa-8576-c10e71f01c4b,2026-04-04 01:12:40.420062+00:00,0,0,6,6,51.25479216666667,52.3809918
b77390c8-efa9-4c7a-afe1-2c276252e22b,4ce403f9-c662-4caa-8576-c10e71f01c4b,2026-04-04 01:20:27.147637+00:00,0,0,6,6,59.033585083333335,60.159784716666664
f5c9980f-5ddf-4029-a3f7-1cd0493bf794,4ce403f9-c662-4caa-8576-c10e71f01c4b,2026-04-04 02:56:42.333439+00:00,0,1,1,7,20.174683650000002,156.41288141666666
8209cd5b-28e0-43d0-af19-410fadcca6db,4ce403f9-c662-4caa-8576-c10e71f01c4b,2026-04-04 03:08:35.068382+00:00,0,0,1,7,32.05359936666667,168.29179713333332
9953d1ec-7be6-425d-8b9c-57e19551a704,4ce403f9-c662-4caa-8576-c10e71f01c4b,2026-04-04 03:40:55.787998+00:00,0,0,1,7,64.3989263,200.63712406666667
af979dfd-1137-49f0-96a4-898c512e789f,fd9b7f36-2943-4ceb-b658-83c814782ac3,2026-04-04 05:00:15.738432+00:00,0,0,5,6,111.78331378333334,127.44174248333334
e8999221-7cf3-43bb-8d26-6c1fd19e9aed,fd9b7f36-2943-4ceb-b658-83c814782ac3,2026-04-04 05:06:45.538998+00:00,0,0,2,6,118.27998988333334,133.93841858333334
cd74add1-1863-4364-86dc-2567c80cd3d7,fd9b7f36-2943-4ceb-b658-83c814782ac3,2026-04-04 05:15:56.234550+00:00,0,0,0,6,127.45824908333334,143.11667778333333
9cb4c561-2fda-44af-9e30-1cc83ef9a9e4,fd9b7f36-2943-4ceb-b658-83c814782ac3,2026-04-04 05:24:24.333155+00:00,0,0,0,6,135.92655916666666,151.58498786666667
0cf88b99-2427-42c9-9b29-bef337f8be9d,fd9b7f36-2943-4ceb-b658-83c814782ac3,2026-04-04 05:33:02.696552+00:00,0,0,0,6,144.56594911666667,160.22437781666667
28d0f223-498b-4aeb-a392-a63b8b24dab2,fd9b7f36-2943-4ceb-b658-83c814782ac3,2026-04-04 05:39:54.861459+00:00,0,0,0,6,151.43536423333336,167.09379293333333
79f0b272-93e9-4f14-bdfc-511045f14ea7,fd9b7f36-2943-4ceb-b658-83c814782ac3,2026-04-04 05:55:45.983612+00:00,0,0,0,6,167.28740011666665,182.94582881666665
02b5e106-b701-4655-b445-3d43f7da7876,fd9b7f36-2943-4ceb-b658-83c814782ac3,2026-04-04 06:15:27.955761+00:00,0,0,0,6,186.98693593333334,202.64536463333334
1a223481-c4a6-4217-855c-6741dd0744a1,4ce403f9-c662-4caa-8576-c10e71f01c4b,2026-04-04 06:27:26.216422+00:00,0,1,1,8,26.579361333333335,367.1442644666667
d5664a8a-8b9b-4661-a5fe-5393d6b50cf4,4ce403f9-c662-4caa-8576-c10e71f01c4b,2026-04-04 06:59:51.709528+00:00,0,0,2,9,31.39364726666667,399.5691495666667
888eb6df-d596-42ab-83bb-b5d188312d3e,4ce403f9-c662-4caa-8576-c10e71f01c4b,2026-04-04 07:09:15.937044+00:00,0,0,2,9,40.7974392,408.9729415
72a5ad2a-1cd3-454e-812b-2537998c12cd,4ce403f9-c662-4caa-8576-c10e71f01c4b,2026-04-04 07:36:21.827961+00:00,0,0,2,9,67.89562115,436.07112345
1c54a2cf-d893-426e-870d-e0e5c3035b30,cdbc2977-3feb-4b78-967e-7636db3986d5,2026-04-04 13:51:29.205949+00:00,2,5,6,6,4.0356569166666665,47.30483175
f0349c75-43c2-4673-b279-55079c79e162,cdbc2977-3feb-4b78-967e-7636db3986d5,2026-04-04 13:56:14.488072+00:00,0,5,6,6,8.790358966666668,52.059533800000004
1889f111-4475-4e41-807c-024110eec4f3,cdbc2977-3feb-4b78-967e-7636db3986d5,2026-04-04 16:19:26.735483+00:00,0,0,0,6,151.99448248333334,195.26365731666667
d0d298bf-95d8-4093-b991-f51c9f5cadb0,a57f0fd6-6977-43c3-86bb-cd34ef2a7a29,2026-04-04 16:42:27.283839+00:00,0,0,0,9,124.55999245,197.2336164
ffcdcdbf-f956-402c-888a-526d0a56bcbf,a57f0fd6-6977-43c3-86bb-cd34ef2a7a29,2026-04-04 16:47:13.564959+00:00,0,0,0,9,129.33134445000002,202.0049684
a6000878-affc-49e7-a29d-ec47ff8d9727,fd9b7f36-2943-4ceb-b658-83c814782ac3,2026-04-04 16:48:26.184012+00:00,0,0,0,6,819.9574067833333,835.6158354833333
aa38dbdb-517f-4a6c-8fa3-a314e1d262bf,a57f0fd6-6977-43c3-86bb-cd34ef2a7a29,2026-04-04 16:51:07.557220+00:00,0,0,0,9,133.23121546666667,205.90483941666668
ee877acd-baaf-4342-b34a-a8d5cfd19840,a57f0fd6-6977-43c3-86bb-cd34ef2a7a29,2026-04-04 16:54:55.300756+00:00,0,0,0,9,137.02694106666667,209.70056501666667
2e78c097-7b41-4c6d-85ee-087bb3b1bcb1,fd9b7f36-2943-4ceb-b658-83c814782ac3,2026-04-04 17:01:29.948654+00:00,0,0,0,6,833.0201508166666,848.6785795166667
373912d9-ffb4-4760-8853-7512c64ce1f0,fd9b7f36-2943-4ceb-b658-83c814782ac3,2026-04-04 17:39:33.018229+00:00,0,0,0,6,871.0713104,886.7297391
dffd1b1f-84bd-4285-b0a3-2a7c0e5f36ef,fd9b7f36-2943-4ceb-b658-83c814782ac3,2026-04-04 17:47:02.449508+00:00,0,0,0,6,878.5618317166667,894.2202604166666
f97ced0b-3518-4a8c-b151-8608a14a2a39,fd9b7f36-2943-4ceb-b658-83c814782ac3,2026-04-04 17:51:36.948182+00:00,0,0,0,6,883.1368096166666,898.7952383166667
ff8bc529-880a-4a01-81cf-691330b75f0b,fd9b7f36-2943-4ceb-b658-83c814782ac3,2026-04-04 18:14:04.658018+00:00,0,0,0,6,905.5986402166667,921.2570689166666
f85fdb8e-2ea5-42d1-8e73-2b1ddb8c66bf,fd9b7f36-2943-4ceb-b658-83c814782ac3,2026-04-04 18:19:21.570919+00:00,0,0,0,6,910.8805219000001,926.5389505999999
e09c5f4b-7115-4c12-a36f-92d32c498044,cdbc2977-3feb-4b78-967e-7636db3986d5,2026-04-04 19:31:59.949779+00:00,0,0,0,6,344.54805408333334,387.8172289166667
e1cdc422-3c9f-4b2e-ac9d-0200440611f1,fd9b7f36-2943-4ceb-b658-83c814782ac3,2026-04-04 22:00:53.826937+00:00,0,0,0,6,1132.4181222,1148.0765509
ddd5e090-5f3f-4bd3-a0a3-73b598164a51,4ce403f9-c662-4caa-8576-c10e71f01c4b,2026-04-04 23:43:56.173386+00:00,0,0,1,11,50.90674555,1403.6435472
cc1649b3-8abd-46e9-858f-52aab762c79a,4ce403f9-c662-4caa-8576-c10e71f01c4b,2026-04-04 23:55:36.438001+00:00,0,0,1,11,62.57782246666667,1415.3146241166667
4d3b3d1c-100f-4363-9428-3a3e6aafa430,4ce403f9-c662-4caa-8576-c10e71f01c4b,2026-04-05 01:12:10.384931+00:00,0,0,6,6,61.509822533333335,63.87942763333333
23c3000a-bcc1-43f7-b986-8307f23e765d,4ce403f9-c662-4caa-8576-c10e71f01c4b,2026-04-05 01:31:06.040245+00:00,0,0,6,6,80.43741109999999,82.80701619999999
4dc689aa-9b31-4538-bbaa-4e0a4eb698b3,4ce403f9-c662-4caa-8576-c10e71f01c4b,2026-04-05 02:19:42.240499+00:00,0,0,0,6,129.04074866666667,131.41035376666667
29d2c3b9-a751-4734-9d9b-e8edd5dd7d9e,4ce403f9-c662-4caa-8576-c10e71f01c4b,2026-04-05 02:51:26.065753+00:00,0,0,0,6,160.77116956666666,163.1407746666667
fedffe3c-5938-4ac4-9d66-4e9967beb2ad,4ce403f9-c662-4caa-8576-c10e71f01c4b,2026-04-05 03:07:45.075419+00:00,0,0,0,6,177.08799733333333,179.45760243333334
bacd3a57-72ce-4ce9-8339-27b25ed3c349,fd9b7f36-2943-4ceb-b658-83c814782ac3,2026-04-05 03:09:45.200744+00:00,0,1,6,6,5.294538033333334,89.8894418
34390624-f5ee-48d5-9b38-d8608aab6140,fd9b7f36-2943-4ceb-b658-83c814782ac3,2026-04-05 03:19:50.172222+00:00,0,1,6,6,15.377396000000001,99.97229976666667
155ddb56-d201-4a31-9968-faae4a2d4d7c,fd9b7f36-2943-4ceb-b658-83c814782ac3,2026-04-05 03:31:51.829993+00:00,0,1,6,6,27.40502551666667,111.99992928333333
48748549-9315-49a8-bca9-b315c6117fa0,fd9b7f36-2943-4ceb-b658-83c814782ac3,2026-04-05 03:37:34.537199+00:00,0,0,6,6,33.11681228333334,117.71171604999999
76071fe0-82f5-44dd-b7b6-ea94fbb72928,fd9b7f36-2943-4ceb-b658-83c814782ac3,2026-04-05 03:43:53.012512+00:00,0,0,2,6,39.42473416666667,124.01963793333333
3e558a01-2a47-42bc-ab73-b75a623e6cd7,fd9b7f36-2943-4ceb-b658-83c814782ac3,2026-04-05 03:51:35.234202+00:00,0,0,2,6,47.128429,131.72333276666666
5c5232c8-f4e7-41b4-96b5-5af27df07b3e,fd9b7f36-2943-4ceb-b658-83c814782ac3,2026-04-05 03:54:25.215398+00:00,0,0,2,6,49.96144893333334,134.5563527
6b289a9d-a9a0-4812-a2ba-e2aaeebb27fe,4ce403f9-c662-4caa-8576-c10e71f01c4b,2026-04-05 07:44:09.224050+00:00,0,0,0,7,265.46974298333333,455.86007961666667
016a545f-fea5-4d60-9324-c5db4b2891b7,4ce403f9-c662-4caa-8576-c10e71f01c4b,2026-04-05 08:01:58.515433+00:00,0,0,0,7,283.29126603333333,473.68160266666666
72a7dbe6-5890-4ffd-944a-cbfb084d4a98,4ce403f9-c662-4caa-8576-c10e71f01c4b,2026-04-05 21:09:39.687849+00:00,0,0,0,7,1070.9774729666667,1261.3678096
8579f12a-1e70-4be7-92e4-8922e5c028ab,4ce403f9-c662-4caa-8576-c10e71f01c4b,2026-04-05 21:48:44.007998+00:00,0,0,0,7,1110.04947545,1300.4398120833332
eefcaf09-f970-4b73-8542-351060a7638e,4ce403f9-c662-4caa-8576-c10e71f01c4b,2026-04-05 23:02:52.094262+00:00,0,0,0,7,1184.1842465166667,1374.5745831499999
858dea0b-a382-4f19-bc11-05cfae313027,69ce191d-25f7-4ae6-b5fc-26bdc90e84aa,2026-04-06 00:36:15.982864+00:00,0,0,3,3,33.354139866666664,34.81341078333333
954da555-0f8c-4414-8d61-729084046daf,fd9b7f36-2943-4ceb-b658-83c814782ac3,2026-04-06 01:57:16.735908+00:00,0,3,6,6,21.040802816666666,43.138946450000006
87d7f119-8230-463b-a400-fa3784dd8514,fd9b7f36-2943-4ceb-b658-83c814782ac3,2026-04-06 02:06:30.536738+00:00,0,0,6,6,30.270816649999997,52.36896028333333
5c0d3d21-afa7-4fb0-b3a8-fff4c95b23ed,fd9b7f36-2943-4ceb-b658-83c814782ac3,2026-04-06 02:11:33.826601+00:00,0,0,6,6,35.3256477,57.423791333333334
f9ec9e33-6c22-4617-9abb-d12bd455c1bf,fd9b7f36-2943-4ceb-b658-83c814782ac3,2026-04-06 02:15:30.481751+00:00,0,0,6,6,39.2699002,61.36804383333333
699d29b3-84e4-4152-b569-14b7b128a820,fd9b7f36-2943-4ceb-b658-83c814782ac3,2026-04-06 02:48:24.458943+00:00,0,0,6,6,72.16952006666666,94.2676637
b0161d26-176e-4327-813c-6b47794da10a,fd9b7f36-2943-4ceb-b658-83c814782ac3,2026-04-06 02:51:33.230316+00:00,0,0,6,6,75.31570961666667,97.41385325
9e150024-14a9-4f20-a24c-4351c021100d,a57f0fd6-6977-43c3-86bb-cd34ef2a7a29,2026-04-06 03:55:16.590886+00:00,0,3,3,3,15.9994377,22.660909866666668
601b7e4f-aaed-454a-88a3-0a910e2e19c0,4ce403f9-c662-4caa-8576-c10e71f01c4b,2026-04-06 04:02:44.937401+00:00,5,5,5,5,0.39749833333333334,2.66353185
cea27375-c0f5-443f-9b08-15cf622a3585,a57f0fd6-6977-43c3-86bb-cd34ef2a7a29,2026-04-06 04:09:43.778004+00:00,0,4,7,7,6.134347916666667,37.1140285
a47b70b5-6919-4204-8a4a-4da3071bb253,a57f0fd6-6977-43c3-86bb-cd34ef2a7a29,2026-04-06 04:22:09.972342+00:00,0,4,7,7,18.570920216666664,49.5506008
be645576-35df-4a80-bf66-a88b59f827d2,a57f0fd6-6977-43c3-86bb-cd34ef2a7a29,2026-04-06 04:36:35.970545+00:00,0,0,7,7,33.0042236,63.98390418333334
113018f5-0a2f-43c2-96ad-0d175d91e7a3,a57f0fd6-6977-43c3-86bb-cd34ef2a7a29,2026-04-06 04:47:29.576068+00:00,0,0,7,7,43.89764898333333,74.87732956666667
40b82d8e-7d2c-4e68-bebe-6d03c1b3356d,4ce403f9-c662-4caa-8576-c10e71f01c4b,2026-04-06 06:12:41.382321+00:00,0,0,6,12,63.83637915,132.60428051666665
6e9d11a7-8c54-46f9-9b6d-4648faf54ffc,4ce403f9-c662-4caa-8576-c10e71f01c4b,2026-04-06 06:21:17.063849+00:00,0,0,6,12,72.43107128333332,141.19897265
a86b8cc8-4a40-47de-9a3a-6b35a757e0bc,a57f0fd6-6977-43c3-86bb-cd34ef2a7a29,2026-04-06 11:10:00.489120+00:00,0,0,0,7,426.41286651666667,457.3925471
d2f9bc1a-322c-416f-8390-901f4414a2d0,a57f0fd6-6977-43c3-86bb-cd34ef2a7a29,2026-04-06 11:18:49.013117+00:00,0,0,0,7,435.22159980000004,466.2012803833333
543c8110-5c01-4de6-adce-17ab51b5e722,a57f0fd6-6977-43c3-86bb-cd34ef2a7a29,2026-04-06 11:25:01.235512+00:00,0,0,0,7,441.4253063833333,472.4049869666667
9b684f4b-85f0-4ca6-a5f1-c6d5664c7967,a57f0fd6-6977-43c3-86bb-cd34ef2a7a29,2026-04-06 12:51:59.061007+00:00,0,0,0,7,528.3890646333333,559.3687452166666
8676c547-0dc4-4415-9f2b-c673ee67d98d,fd9b7f36-2943-4ceb-b658-83c814782ac3,2026-04-06 15:14:23.379857+00:00,0,0,0,6,818.1515353,840.2496789333333
63c85812-22b0-47f3-ab3a-8387dc34eb14,fd9b7f36-2943-4ceb-b658-83c814782ac3,2026-04-06 15:24:30.390242+00:00,0,0,0,6,828.26837505,850.3665186833333
1befaada-68f1-45b2-910a-82f7194d7280,fd9b7f36-2943-4ceb-b658-83c814782ac3,2026-04-06 15:33:54.316758+00:00,0,0,0,6,837.6671503166667,859.76529395
785706a6-eacd-453c-9d85-723db483f64e,fd9b7f36-2943-4ceb-b658-83c814782ac3,2026-04-06 15:43:20.136528+00:00,0,0,0,6,847.0974798166667,869.19562345
3d580b12-f012-4fd4-a811-b9c3661b7106,60264769-e015-4dba-b2f4-6bfdffed12b3,2026-04-06 15:58:48.116866+00:00,1,4,4,4,3.0795134833333337,11.078297749999999
acf06857-4004-416b-bc06-5697fe5d2d89,fd9b7f36-2943-4ceb-b658-83c814782ac3,2026-04-06 18:14:25.083161+00:00,0,0,0,6,998.1799237,1020.2780673333333
5103ad95-4d0e-4712-bd85-cc0298497305,fd9b7f36-2943-4ceb-b658-83c814782ac3,2026-04-06 18:35:12.575385+00:00,0,0,0,6,1018.9714607666666,1041.0696044000001
d513157c-2d57-41ce-a9a1-4281b5b5b5d8,fd9b7f36-2943-4ceb-b658-83c814782ac3,2026-04-06 18:39:09.364658+00:00,0,0,0,6,1022.91794865,1045.0160922833334
dd2f4e62-5d07-48a9-9ae3-899a1ac4d4bb,fd9b7f36-2943-4ceb-b658-83c814782ac3,2026-04-06 18:41:34.724245+00:00,0,0,0,6,1025.3406084333333,1047.4387520666667
82430952-49af-4214-8aae-b6bb6d23be04,fd9b7f36-2943-4ceb-b658-83c814782ac3,2026-04-06 20:25:15.203249+00:00,0,0,0,6,1129.0152585,1151.1134021333335
ae402ff9-4610-43da-94bc-c6b1100bfb66,fd9b7f36-2943-4ceb-b658-83c814782ac3,2026-04-06 20:33:01.691251+00:00,0,0,0,6,1136.7900585333334,1158.8882021666666
3056fba3-8a67-4e48-b7da-67e3bd953310,fd9b7f36-2943-4ceb-b658-83c814782ac3,2026-04-06 20:44:26.502166+00:00,0,0,0,6,1148.2035737833332,1170.3017174166666
8cadd9ac-7f22-4a46-9d61-600c245038d7,a57f0fd6-6977-43c3-86bb-cd34ef2a7a29,2026-04-06 23:06:44.891040+00:00,0,2,2,13,5.070340766666666,1174.1325791000002
57c8bba6-0f23-452f-85aa-5650e286d3cf,4ce403f9-c662-4caa-8576-c10e71f01c4b,2026-04-07 01:11:20.558374+00:00,0,7,7,7,5.843233316666667,8.49146225
2d84081c-6a0a-49de-8cce-59c1fa69b879,a57f0fd6-6977-43c3-86bb-cd34ef2a7a29,2026-04-07 01:35:37.067292+00:00,4,5,5,5,3.0629884499999998,5.100779283333334
d9c2fc3d-5406-49a4-a12a-9572d9454856,a57f0fd6-6977-43c3-86bb-cd34ef2a7a29,2026-04-07 01:48:52.989226+00:00,0,5,5,5,16.328354016666665,18.36614485
457a89ac-7b3d-43c1-9323-fe1835bbb58a,4ce403f9-c662-4caa-8576-c10e71f01c4b,2026-04-07 01:55:26.805566+00:00,0,0,7,7,49.947353183333334,52.59558211666667
525c0f6b-5643-4898-badf-a01bac16c759,4ce403f9-c662-4caa-8576-c10e71f01c4b,2026-04-07 02:09:32.542401+00:00,0,0,7,7,64.0429671,66.69119603333334
0651c7b1-69d2-4cba-b7e2-87561cae26dc,fd9b7f36-2943-4ceb-b658-83c814782ac3,2026-04-07 02:23:24.597168+00:00,0,6,6,6,7.648091033333333,28.582493666666668
6d3d999d-b5b1-483f-ac7e-92cc41e3f5e1,fd9b7f36-2943-4ceb-b658-83c814782ac3,2026-04-07 02:28:26.231593+00:00,0,5,6,6,12.67533145,33.609734083333336
eefda393-00ef-4da7-b31d-9baa47742560,fd9b7f36-2943-4ceb-b658-83c814782ac3,2026-04-07 03:06:51.933913+00:00,0,0,6,6,51.10370345,72.03810608333333
864bdb9c-b795-452f-97c1-3420675b0324,fd9b7f36-2943-4ceb-b658-83c814782ac3,2026-04-07 03:15:33.904961+00:00,0,0,6,6,59.80322091666667,80.73762355000001
eb30ddd1-8650-4782-9694-cafed510cbc8,4ce403f9-c662-4caa-8576-c10e71f01c4b,2026-04-07 03:44:32.843208+00:00,0,0,0,7,159.04798055,161.69620948333335
7ada756d-274c-4da0-9347-e6ac9e89f8fd,4ce403f9-c662-4caa-8576-c10e71f01c4b,2026-04-07 06:29:32.735248+00:00,0,0,0,7,324.0461812166667,326.69441015
86010be0-64f0-4747-a84d-60368e7f0545,4ce403f9-c662-4caa-8576-c10e71f01c4b,2026-04-07 08:10:17.635781+00:00,0,0,0,7,424.7945234333334,427.44275236666664
56784da5-bfe8-42a6-9701-076ab932c04a,4ce403f9-c662-4caa-8576-c10e71f01c4b,2026-04-07 08:13:43.864689+00:00,0,0,0,7,428.2316719,430.87990083333335
ca7d29c7-9d55-4e39-8beb-3a9e5b36a06b,a57f0fd6-6977-43c3-86bb-cd34ef2a7a29,2026-04-07 13:35:44.155143+00:00,0,1,4,10,6.000532533333333,725.2189101333333
a05645ac-a209-41c0-b765-37829acbb666,a57f0fd6-6977-43c3-86bb-cd34ef2a7a29,2026-04-07 13:44:09.240293+00:00,0,1,3,10,14.418618366666667,733.6369959666666
19c7c4fb-1713-4fb1-b5e5-780378d45187,a57f0fd6-6977-43c3-86bb-cd34ef2a7a29,2026-04-07 13:54:52.583140+00:00,0,1,3,10,25.140999150000003,744.35937675
3dbdfdbb-b6d0-4353-b506-c5aa6d334ac3,a57f0fd6-6977-43c3-86bb-cd34ef2a7a29,2026-04-07 14:06:43.440222+00:00,0,0,3,10,36.98861718333333,756.2069947833334
d0f40557-2451-47b2-a5d3-a7af3c5fd024,4ce403f9-c662-4caa-8576-c10e71f01c4b,2026-04-07 23:00:26.902358+00:00,0,0,0,7,1314.9489663833333,1317.5971953166666
ffaaefa2-7d20-498d-9bec-164be6898c7c,69ce191d-25f7-4ae6-b5fc-26bdc90e84aa,2026-04-08 00:51:20.814017+00:00,3,3,3,3,2.5108253666666664,3.1012365666666666
3c8a5ee7-6210-474a-816d-048744f2c2a6,a57f0fd6-6977-43c3-86bb-cd34ef2a7a29,2026-04-08 02:37:05.051160+00:00,4,4,6,6,4.099426333333333,91.02343336666667
e4594fbd-16fc-4852-94c1-732a0d804a79,4ce403f9-c662-4caa-8576-c10e71f01c4b,2026-04-08 03:26:45.844376+00:00,0,0,6,6,33.91439793333333,38.31500308333333
07c810cf-302f-4a99-afb5-29f4ea344953,4ce403f9-c662-4caa-8576-c10e71f01c4b,2026-04-08 03:49:43.557289+00:00,0,0,6,6,56.87627981666667,61.276884966666664
c776d0de-f669-4c42-9204-855fb2469741,4ce403f9-c662-4caa-8576-c10e71f01c4b,2026-04-08 04:12:11.076157+00:00,0,0,6,6,79.33492761666666,83.73553276666667
14421584-a284-48e7-9bf1-e04d0f632f32,4ce403f9-c662-4caa-8576-c10e71f01c4b,2026-04-08 04:16:46.387185+00:00,0,0,6,6,83.92344475,88.3240499
8a3bf9bf-0f54-4228-8892-be752bc69470,a57f0fd6-6977-43c3-86bb-cd34ef2a7a29,2026-04-08 13:24:15.156539+00:00,0,0,1,7,119.36301636666667,738.19185635
2b2a5b01-96a1-4c3d-888e-0b111bf565b1,a57f0fd6-6977-43c3-86bb-cd34ef2a7a29,2026-04-09 00:24:39.198827+00:00,4,4,4,4,2.5894299333333333,3.2174164333333333
21ca61c7-3b6d-4ac0-b147-3e1c233777b2,4ce403f9-c662-4caa-8576-c10e71f01c4b,2026-04-09 04:16:06.034144+00:00,3,5,6,6,4.2194534,30.424568883333333
24a1588c-3faa-4042-aee6-5361d1c4d051,4ce403f9-c662-4caa-8576-c10e71f01c4b,2026-04-09 04:36:56.091163+00:00,0,5,6,6,25.05373705,51.25885253333333
5db56046-47ed-4258-862a-b6f7375eb681,4ce403f9-c662-4caa-8576-c10e71f01c4b,2026-04-09 04:39:55.540133+00:00,0,3,6,6,28.044553216666667,54.2496687
0af4f2a6-cf75-4961-83e1-fbc45e3a25c8,4ce403f9-c662-4caa-8576-c10e71f01c4b,2026-04-09 05:02:04.721044+00:00,0,0,6,6,50.1975684,76.40268388333334
ff8fdede-a5a9-401d-afdb-2145759eb240,4ce403f9-c662-4caa-8576-c10e71f01c4b,2026-04-09 05:05:39.722765+00:00,0,0,6,6,53.78093041666667,79.9860459
7e64475b-24e8-48af-aa17-5eeea7e66b47,4ce403f9-c662-4caa-8576-c10e71f01c4b,2026-04-09 05:51:12.640226+00:00,0,0,5,6,99.32955476666666,125.53467025
b6b3f509-da63-40d7-83fa-0c4d0a2feda8,4ce403f9-c662-4caa-8576-c10e71f01c4b,2026-04-09 06:36:29.712767+00:00,0,0,1,7,44.4460722,170.8192126
fe515e65-d427-4dcc-a9e5-f445eca4e6c7,4ce403f9-c662-4caa-8576-c10e71f01c4b,2026-04-09 07:05:51.541154+00:00,0,0,1,7,73.80987865,200.18301905
fb0b8ba4-c424-4365-9f9c-5f433eb27d98,4ce403f9-c662-4caa-8576-c10e71f01c4b,2026-04-09 07:24:43.026558+00:00,0,0,1,7,92.66796871666666,219.04110911666666
21bb02e3-b731-4677-bd89-c7bd7ed141f6,4ce403f9-c662-4caa-8576-c10e71f01c4b,2026-04-09 07:31:31.549178+00:00,0,0,1,7,99.47667905,225.84981944999998
3a0181d0-2a4c-4d63-af03-5976e81e35ba,4ce403f9-c662-4caa-8576-c10e71f01c4b,2026-04-09 07:56:37.501274+00:00,0,0,0,7,124.57588065,250.94902105
a663ded7-cdad-46dd-8a95-c8046c52cb02,a57f0fd6-6977-43c3-86bb-cd34ef2a7a29,2026-04-09 12:23:14.921493+00:00,0,0,1,5,67.96010425,721.8127942
3a3abb50-4570-4a66-a87f-1f180d28a379,a57f0fd6-6977-43c3-86bb-cd34ef2a7a29,2026-04-09 15:58:53.233546+00:00,0,0,0,5,283.59863846666667,937.4513284166666
e7c87f43-7cc5-439c-9a6e-6989bbe0a48a,a57f0fd6-6977-43c3-86bb-cd34ef2a7a29,2026-04-09 16:09:36.131759+00:00,0,1,1,6,7.046175733333333,948.1662986333333
fc22b8db-6c1c-4372-96a3-a1935aea51d3,a57f0fd6-6977-43c3-86bb-cd34ef2a7a29,2026-04-09 16:24:31.910571+00:00,0,1,1,6,21.9758226,963.0959455
828ee348-a4e7-43d5-8f87-d2a3f006ba2b,a57f0fd6-6977-43c3-86bb-cd34ef2a7a29,2026-04-09 17:37:52.206620+00:00,0,0,1,6,95.31409008333334,1036.4342129833333
cf84de9c-ec8f-4ecd-b830-d336e035e729,a57f0fd6-6977-43c3-86bb-cd34ef2a7a29,2026-04-09 17:42:51.111272+00:00,0,0,1,6,100.29583428333333,1041.4159571833334
9a802ff7-32a2-45da-affb-ab60886dfd0f,a57f0fd6-6977-43c3-86bb-cd34ef2a7a29,2026-04-09 17:55:19.404772+00:00,0,0,1,6,112.76739261666667,1053.8875155166668
ac30f977-d588-4d3f-bc66-bfd66a47a4a2,a57f0fd6-6977-43c3-86bb-cd34ef2a7a29,2026-04-09 17:59:32.755716+00:00,0,0,1,6,116.98990835,1058.11003125
85fa6f4b-0c77-41d8-8898-aedc72fe6815,a57f0fd6-6977-43c3-86bb-cd34ef2a7a29,2026-04-09 19:42:47.736403+00:00,0,0,0,6,220.23958646666668,1161.3597093666665
67b2f8ac-1337-4f17-846e-7d908c4bde03,a57f0fd6-6977-43c3-86bb-cd34ef2a7a29,2026-04-09 20:04:53.312527+00:00,0,0,0,6,242.33252186666667,1183.4526447666665
f9be94ae-3037-48eb-9790-9157de0f7e43,a57f0fd6-6977-43c3-86bb-cd34ef2a7a29,2026-04-09 20:09:18.067578+00:00,0,0,0,6,246.74510604999998,1187.8652289499998
27669fe2-93b4-4697-88c0-90e8f24bfaa2,a57f0fd6-6977-43c3-86bb-cd34ef2a7a29,2026-04-09 20:33:31.526229+00:00,0,0,0,6,270.9694169,1212.0895398
00182208-4a07-4f70-b0b0-f436f3239c5c,a57f0fd6-6977-43c3-86bb-cd34ef2a7a29,2026-04-09 20:56:26.542487+00:00,0,0,0,6,293.88635453333336,1235.0064774333334
9d31be9b-abf1-4088-8c95-9b2b42075632,a57f0fd6-6977-43c3-86bb-cd34ef2a7a29,2026-04-09 21:20:49.603776+00:00,0,0,0,6,318.27070935,1259.39083225
607d9f27-5748-475f-950c-16a4e0c6a0e3,a57f0fd6-6977-43c3-86bb-cd34ef2a7a29,2026-04-09 21:25:34.047724+00:00,0,0,0,6,323.01144181666666,1264.1315647166666
1d6eb8c2-56e2-4ca0-8669-58900768f074,a57f0fd6-6977-43c3-86bb-cd34ef2a7a29,2026-04-09 21:28:10.585358+00:00,0,0,0,6,325.6204023833333,1266.7405252833335
c4cb8fb1-b4ac-4b70-a08d-221b68d65930,a57f0fd6-6977-43c3-86bb-cd34ef2a7a29,2026-04-09 21:31:06.634936+00:00,0,0,0,6,328.5545620166667,1269.6746849166666
00ed8ae9-731f-4c3c-ba26-6611d2b37ad5,a57f0fd6-6977-43c3-86bb-cd34ef2a7a29,2026-04-09 21:34:30.504583+00:00,0,0,0,6,331.95238946666666,1273.0725123666666
bc70f130-e6ed-49ae-8dc6-f37897f1b73e,cdbc2977-3feb-4b78-967e-7636db3986d5,2026-04-09 23:41:21.554666+00:00,3,3,3,3,2.5854339166666667,3.3085733666666663
7052b73d-af8a-46ea-89af-c674dc529c2c,cdbc2977-3feb-4b78-967e-7636db3986d5,2026-04-09 23:48:29.816976+00:00,0,6,6,6,5.53201785,10.446278533333333
5b43c43f-52ca-443d-b144-13c12d331f24,fd9b7f36-2943-4ceb-b658-83c814782ac3,2026-04-10 01:32:11.013012+00:00,0,6,6,6,9.246092416666666,17.3961564
566ba7ec-492c-427c-a940-0e83aebcd359,fd9b7f36-2943-4ceb-b658-83c814782ac3,2026-04-10 01:51:22.250765+00:00,0,2,6,6,28.4333883,36.58345228333334
4c7c22bb-be5f-44e0-ad4d-6562a5ccad50,fd9b7f36-2943-4ceb-b658-83c814782ac3,2026-04-10 02:06:35.126171+00:00,0,0,6,6,43.64797840000001,51.79804238333334
aeeaa1a4-9097-4302-93b4-b6fa61bc6f58,fd9b7f36-2943-4ceb-b658-83c814782ac3,2026-04-10 02:17:03.008117+00:00,0,0,6,6,54.112677500000004,62.262741483333336
ab1fc48c-f98e-4da6-9946-f989ff791497,fd9b7f36-2943-4ceb-b658-83c814782ac3,2026-04-10 03:18:05.498624+00:00,0,0,2,6,115.15418595,123.30424993333332
13f5a19a-8702-485f-a087-d2d0e74ffdba,fd9b7f36-2943-4ceb-b658-83c814782ac3,2026-04-10 03:30:46.003307+00:00,0,0,0,6,127.829264,135.97932798333332
f9e29f74-277d-4f41-9a59-ca1ea0c97607,fd9b7f36-2943-4ceb-b658-83c814782ac3,2026-04-10 03:48:00.679674+00:00,0,0,0,6,145.07387011666665,153.2239341
f70a07fb-c993-44bc-baf9-4e228767a187,fd9b7f36-2943-4ceb-b658-83c814782ac3,2026-04-10 04:03:30.631138+00:00,0,0,0,6,160.57306118333332,168.72312516666668
9813ea1f-39a7-44b2-a085-0e6be45a8e06,4ce403f9-c662-4caa-8576-c10e71f01c4b,2026-04-10 05:48:57.516452+00:00,0,0,6,6,31.221964766666666,53.55917298333333
2b4288f5-0f7c-4471-9e11-457bf1ffbe1b,4ce403f9-c662-4caa-8576-c10e71f01c4b,2026-04-10 05:55:45.129929+00:00,0,0,6,6,38.015522716666666,60.35273093333333
31958ede-704e-40e4-9614-27b080bebc51,4ce403f9-c662-4caa-8576-c10e71f01c4b,2026-04-10 06:48:54.096777+00:00,0,0,6,6,91.16497018333332,113.5021784
9331c97e-0917-46d9-9f39-7a24596292a7,4ce403f9-c662-4caa-8576-c10e71f01c4b,2026-04-10 06:53:53.013139+00:00,0,0,6,6,96.14690954999999,118.48411776666667
314c997f-adbe-4d8d-9a29-5df7489119d6,4ce403f9-c662-4caa-8576-c10e71f01c4b,2026-04-10 07:52:54.761889+00:00,0,0,0,6,155.17605538333333,177.5132636
89d853b9-d133-4a94-b546-aecc64d6af0d,4ce403f9-c662-4caa-8576-c10e71f01c4b,2026-04-10 08:09:20.873090+00:00,0,0,0,6,171.61124206666668,193.94845028333333
0e966df5-b6b0-44b9-b310-86f050cd0890,4ce403f9-c662-4caa-8576-c10e71f01c4b,2026-04-10 08:27:49.372098+00:00,0,0,0,6,190.08622553333333,212.42343375000002
a3977e6b-8460-46a1-b2f4-96c4b4a679e2,4ce403f9-c662-4caa-8576-c10e71f01c4b,2026-04-10 08:45:39.209368+00:00,0,0,0,6,207.9168467,230.25405491666666
bdae7fcc-9ea8-42b4-a79b-5d83c7a7e621,fd9b7f36-2943-4ceb-b658-83c814782ac3,2026-04-10 18:58:48.620746+00:00,0,0,0,6,1055.8728879833334,1064.0229519666666
98db7e0e-ab23-4847-ad9d-37b3bc52ab9a,fd9b7f36-2943-4ceb-b658-83c814782ac3,2026-04-10 19:10:25.260930+00:00,0,0,0,6,1067.4835577166666,1075.6336217
c4472511-751b-43dc-a149-48c4f3e198fa,4ce403f9-c662-4caa-8576-c10e71f01c4b,2026-04-10 19:15:17.174123+00:00,0,0,0,6,837.5495926166666,859.8868008333334
9ff2460f-20e0-46cf-af52-4965eb173f53,4ce403f9-c662-4caa-8576-c10e71f01c4b,2026-04-10 19:20:03.435847+00:00,0,0,0,6,842.32062135,864.6578295666666
c3df13be-b19f-4691-9d63-5b9028269aad,4ce403f9-c662-4caa-8576-c10e71f01c4b,2026-04-10 19:24:01.225780+00:00,0,0,0,6,846.2837869,868.6209951166667
f9f7dbaf-7a24-48b0-a9e0-3ecbccaf2b27,a57f0fd6-6977-43c3-86bb-cd34ef2a7a29,2026-04-10 20:16:55.738678+00:00,0,4,4,12,14.908789466666667,1083.0841277666666
d5829b6e-4db1-4f05-8484-5069f8b6927a,4ce403f9-c662-4caa-8576-c10e71f01c4b,2026-04-10 20:36:26.401835+00:00,0,0,0,6,918.7033878166666,941.0405960333334
cf47bb54-a267-47cd-903c-e783e18b5ad6,4ce403f9-c662-4caa-8576-c10e71f01c4b,2026-04-10 20:41:54.144329+00:00,0,0,0,6,924.1657627166667,946.5029709333334
ae09bd9d-a52a-4ca9-83db-7f318e1443b3,4ce403f9-c662-4caa-8576-c10e71f01c4b,2026-04-10 20:44:30.117651+00:00,0,0,0,6,926.7653180833333,949.1025262999999
ab228ccc-24a8-49d0-a42f-aef7be7c68eb,4ce403f9-c662-4caa-8576-c10e71f01c4b,2026-04-10 20:47:42.406970+00:00,0,0,0,6,929.9701400666667,952.3073482833333
88bd0278-b66a-4836-8d0e-0887afb4853b,a57f0fd6-6977-43c3-86bb-cd34ef2a7a29,2026-04-10 21:34:41.077704+00:00,4,4,8,16,4.496240383333333,1160.8397782
bb702e61-9d7e-46bf-a8e6-951d106134ef,a57f0fd6-6977-43c3-86bb-cd34ef2a7a29,2026-04-11 10:09:38.646854+00:00,0,6,6,6,10.196432533333333,12.095859766666667
ee785f6c-2751-467a-8e3e-6eae6ad147c6,a57f0fd6-6977-43c3-86bb-cd34ef2a7a29,2026-04-11 10:20:42.275846+00:00,0,6,6,6,21.256915733333337,23.156342966666667
8fb46c93-a45f-4ad1-8a7c-ead24433ed85,a57f0fd6-6977-43c3-86bb-cd34ef2a7a29,2026-04-11 10:56:13.935259+00:00,0,0,6,6,56.784572616666665,58.68399985
41fd6db1-6290-42e9-b15a-a5fe77e9bcd0,69ce191d-25f7-4ae6-b5fc-26bdc90e84aa,2026-04-11 14:06:20.728967+00:00,0,2,2,3,8.8446297,697.6176894833334
77274b01-ab23-45ee-bb13-ef8e009325de,69ce191d-25f7-4ae6-b5fc-26bdc90e84aa,2026-04-11 14:25:26.255782+00:00,0,3,4,5,7.497091999999999,716.7098030666667
fbbcfa44-2b40-4e67-9624-fa65db741726,a57f0fd6-6977-43c3-86bb-cd34ef2a7a29,2026-04-11 17:22:41.004636+00:00,0,0,0,10,171.6342184,445.13515613333334
f803d8fa-37b5-4a3e-b256-a2c29f417715,4ce403f9-c662-4caa-8576-c10e71f01c4b,2026-04-11 19:15:15.855688+00:00,0,0,0,6,1000.9454625833333,1099.2175192
2c9bcfcc-1aef-4868-992d-a0acc9eaa635,a57f0fd6-6977-43c3-86bb-cd34ef2a7a29,2026-04-12 00:44:26.001063+00:00,0,3,3,3,8.179848400000001,12.948576966666668
0377de0a-3a4f-4095-b954-1cad82a73d1f,a57f0fd6-6977-43c3-86bb-cd34ef2a7a29,2026-04-12 12:32:29.811761+00:00,0,5,5,8,11.82054,721.0120886
fc1a7636-b194-418e-baee-e58c2f573d1e,a57f0fd6-6977-43c3-86bb-cd34ef2a7a29,2026-04-12 14:34:18.970569+00:00,0,0,0,8,133.63985346666666,842.8314020666666
2fcb5d2e-512a-4542-9702-193df73c8f35,a57f0fd6-6977-43c3-86bb-cd34ef2a7a29,2026-04-12 14:39:45.097544+00:00,0,0,0,8,139.07530305,848.26685165
3a86f5ff-b486-4b1e-9480-98e9bcd7afc8,a57f0fd6-6977-43c3-86bb-cd34ef2a7a29,2026-04-12 14:54:46.676431+00:00,0,0,0,8,154.10161783333334,863.2931664333333
27c36138-7835-407a-aa22-cfac4cdc403b,a57f0fd6-6977-43c3-86bb-cd34ef2a7a29,2026-04-12 15:01:25.876558+00:00,0,0,0,8,160.75495328333332,869.9465018833333
822770b0-fdf1-4f55-a0fb-9f69e75ff13a,a57f0fd6-6977-43c3-86bb-cd34ef2a7a29,2026-04-12 15:04:46.533408+00:00,0,0,0,8,164.09923411666665,873.2907827166667
7484ac17-73b2-45d4-9ae7-3e1a8ede2905,a57f0fd6-6977-43c3-86bb-cd34ef2a7a29,2026-04-12 15:07:44.353168+00:00,0,0,0,8,167.06289678333331,876.2544453833333
70117813-54bb-45e1-a4ff-fce1cf73e19b,a57f0fd6-6977-43c3-86bb-cd34ef2a7a29,2026-04-12 18:15:30.688067+00:00,0,0,0,8,354.8351451,1064.0266937000001
065a1cd9-345a-4ea7-b04a-9f7544a1d2f7,a57f0fd6-6977-43c3-86bb-cd34ef2a7a29,2026-04-12 18:19:55.929840+00:00,0,0,0,8,359.2558413166667,1068.4473899166667
d9d7f08e-7454-41e3-834f-4cca6ffc586f,a57f0fd6-6977-43c3-86bb-cd34ef2a7a29,2026-04-12 20:05:16.261333+00:00,0,0,0,8,464.5946995333333,1173.7862481333332
8b30bdb8-92de-4cbc-8e2c-cc363ecd99b2,a57f0fd6-6977-43c3-86bb-cd34ef2a7a29,2026-04-12 20:49:18.921282+00:00,0,0,0,8,508.63903201666665,1217.8305806166668
874812dd-4a8e-4fd9-8060-2f842ad4ca7e,a57f0fd6-6977-43c3-86bb-cd34ef2a7a29,2026-04-12 23:04:20.444762+00:00,0,0,0,8,643.66442335,1352.8559719500001
74c14866-c8be-44aa-9904-6ecbf0d7cac6,a57f0fd6-6977-43c3-86bb-cd34ef2a7a29,2026-04-13 13:43:04.181632+00:00,0,9,9,9,5.947869883333333,8.1102754
6e9e356c-b064-4c4b-aba2-662c92e3ba7b,a57f0fd6-6977-43c3-86bb-cd34ef2a7a29,2026-04-13 13:48:46.148146+00:00,0,9,9,9,11.647311783333333,13.809717299999999
6cc38f95-261d-4fe5-aeef-9ff7f05c037e,a57f0fd6-6977-43c3-86bb-cd34ef2a7a29,2026-04-13 19:02:49.386568+00:00,0,0,0,9,325.7012854833334,327.86369099999996
9a013578-2dd6-4e23-9b2a-1758c949c6df,a57f0fd6-6977-43c3-86bb-cd34ef2a7a29,2026-04-14 13:24:15.813345+00:00,0,6,6,6,7.00039775,8.719193149999999
4d8c4ed6-9831-4789-9436-f65e8b948e97,fd9b7f36-2943-4ceb-b658-83c814782ac3,2026-04-14 13:41:00.198037+00:00,0,6,6,6,8.8580059,24.363736233333334
32e7a341-9b53-41b5-9b94-1656d9da4d7b,fd9b7f36-2943-4ceb-b658-83c814782ac3,2026-04-14 13:43:46.900546+00:00,0,6,6,6,11.63638105,27.142111383333333
a5d68ecb-164d-4a0b-9c39-2b0f133b83ca,fd9b7f36-2943-4ceb-b658-83c814782ac3,2026-04-14 14:12:04.608465+00:00,0,0,6,6,39.93151303333333,55.437243366666664
8db3b8a2-ec75-4486-a7fa-68799e95ce58,a57f0fd6-6977-43c3-86bb-cd34ef2a7a29,2026-04-14 14:27:59.607735+00:00,0,3,9,9,9.93889645,72.44909965000001
3dd9881e-c7b0-44ee-9b57-59fbc34de5b3,fd9b7f36-2943-4ceb-b658-83c814782ac3,2026-04-14 14:36:46.403901+00:00,0,0,6,6,64.62810363333332,80.13383396666667
0060495f-869a-43a3-bff1-9bb060a7f50c,fd9b7f36-2943-4ceb-b658-83c814782ac3,2026-04-14 14:40:10.974547+00:00,0,0,6,6,68.0376144,83.54334473333333
95e004cd-cde1-41a1-8809-aa88d60584dc,a57f0fd6-6977-43c3-86bb-cd34ef2a7a29,2026-04-14 17:48:34.919081+00:00,0,0,0,11,183.77485556666667,273.03762208333336
332ece9d-bc5e-42db-9b83-ad2a0793d7fd,a57f0fd6-6977-43c3-86bb-cd34ef2a7a29,2026-04-14 18:23:20.807033+00:00,0,0,0,11,218.53965476666664,307.80242128333333
4667e4c7-1112-4334-b255-8eb2e45b19ef,a57f0fd6-6977-43c3-86bb-cd34ef2a7a29,2026-04-14 18:27:37.725221+00:00,0,0,0,11,222.82162456666669,312.08439108333334
45543dee-e2d9-4520-b5f7-c39cbea778aa,a57f0fd6-6977-43c3-86bb-cd34ef2a7a29,2026-04-14 18:33:11.562451+00:00,0,0,0,11,228.3855784,317.64834491666664
fc005273-2c89-48ed-83dc-93970d76ac96,a57f0fd6-6977-43c3-86bb-cd34ef2a7a29,2026-04-14 18:42:35.535309+00:00,0,0,0,11,237.7851260333333,327.04789255000003
3642b719-da35-4af2-96f6-ea44d4724d20,a57f0fd6-6977-43c3-86bb-cd34ef2a7a29,2026-04-14 22:06:35.620329+00:00,0,0,0,11,441.7865430333333,531.04930955
39b4e48b-0a33-4a20-9a46-7b9572d2b453,ce6e5c8c-b2e1-4acd-89fe-b42fe49a86bc,2026-04-15 00:46:30.112719+00:00,0,7,7,7,6.0862639000000005,9.2148173
ccdd2ba6-8ee6-49d0-9804-0a4d942a437e,a57f0fd6-6977-43c3-86bb-cd34ef2a7a29,2026-04-15 14:16:14.938967+00:00,0,5,5,6,7.990371733333333,704.2363374166667
fddd9c73-bc5e-4062-9161-d645add18aea,a57f0fd6-6977-43c3-86bb-cd34ef2a7a29,2026-04-15 15:34:33.839534+00:00,0,0,5,6,86.30538118333334,782.5513468666667
ebe500fd-27f3-4b76-b3c7-3c31a107d94a,392a03db-0ab2-42c7-bf58-3acde7de9d5d,2026-04-15 16:23:39.686499+00:00,0,3,3,3,28.470193983333335,28.5073056
28adb370-197d-43af-9796-b17d63b7f1c2,a57f0fd6-6977-43c3-86bb-cd34ef2a7a29,2026-04-15 16:57:34.295233+00:00,0,0,0,6,169.3129761666667,865.55894185
797e16cb-5a7d-436e-a40c-38711e6fceab,a57f0fd6-6977-43c3-86bb-cd34ef2a7a29,2026-04-15 19:22:28.708096+00:00,0,0,0,6,314.21985721666664,1010.4658229
f8e1029f-e86c-4e40-bb79-31e587ed3113,fd9b7f36-2943-4ceb-b658-83c814782ac3,2026-04-15 19:28:35.317005+00:00,0,0,0,6,411.6678234333333,447.2707601666667
575a9052-1a64-41e3-ab93-55ea913f9fbc,fd9b7f36-2943-4ceb-b658-83c814782ac3,2026-04-15 19:33:44.402991+00:00,0,0,0,6,416.8192565333333,452.4221932666667
8770249a-3efc-481a-8c9d-9a08194b803b,392a03db-0ab2-42c7-bf58-3acde7de9d5d,2026-04-15 20:00:33.997771+00:00,0,0,0,6,206.9116153,245.41249346666666
4c12dbdc-d0f0-4c38-83de-451e410e4009,392a03db-0ab2-42c7-bf58-3acde7de9d5d,2026-04-15 20:14:07.943870+00:00,0,0,0,6,220.47738361666669,258.9782617833333
70596937-62d2-44de-9293-8e44ff0a8e62,392a03db-0ab2-42c7-bf58-3acde7de9d5d,2026-04-15 20:29:02.151173+00:00,0,0,0,6,235.38083866666665,273.88171683333337
9dfdc66d-bca2-4803-ae0e-17af9366ef0d,fd9b7f36-2943-4ceb-b658-83c814782ac3,2026-04-15 20:42:54.469438+00:00,0,0,0,6,485.98703065,521.5899673833334
04e8ba6e-7d06-4c87-aace-d666892ce7fd,392a03db-0ab2-42c7-bf58-3acde7de9d5d,2026-04-15 21:17:09.115441+00:00,0,0,0,6,283.4969098,321.9977879666667
0301b1e5-9672-4e69-afbb-9b39bd02fa64,a57f0fd6-6977-43c3-86bb-cd34ef2a7a29,2026-04-15 21:31:08.880407+00:00,0,1,1,7,10.451857316666667,1139.1353614166667
225887b4-3e76-4d67-8b13-086514a6413f,a57f0fd6-6977-43c3-86bb-cd34ef2a7a29,2026-04-15 21:45:08.664001+00:00,0,1,1,7,24.44825055,1153.13175465
1b7bfebd-eff7-452f-9f40-1770f4768d97,392a03db-0ab2-42c7-bf58-3acde7de9d5d,2026-04-15 23:50:20.872751+00:00,0,0,0,6,436.69286496666666,475.1937431333333
e53cf49e-1029-4bee-940a-d8f0d588ea8b,392a03db-0ab2-42c7-bf58-3acde7de9d5d,2026-04-16 00:23:26.928233+00:00,3,3,3,3,3.2637625333333333,3.484579033333333
859aa600-4177-41ee-b69e-382d93aaf8a0,a57f0fd6-6977-43c3-86bb-cd34ef2a7a29,2026-04-16 00:34:16.656080+00:00,0,6,6,6,10.051850433333334,11.600132783333333
f6fdb04f-0b04-46a8-a78d-75e6f2788d63,a57f0fd6-6977-43c3-86bb-cd34ef2a7a29,2026-04-16 00:40:26.877376+00:00,0,6,6,6,16.222205366666667,17.770487716666665
10c45b0d-90a2-49b3-961a-52887e77ff2a,a57f0fd6-6977-43c3-86bb-cd34ef2a7a29,2026-04-16 01:04:04.714100+00:00,0,0,6,6,39.852817433333335,41.40109978333333
66d22b00-b121-42ff-bc80-07d9a74745f9,a57f0fd6-6977-43c3-86bb-cd34ef2a7a29,2026-04-16 01:16:12.718270+00:00,0,0,6,6,51.98622026666667,53.53450261666667
5334d367-bd0a-486b-9496-794e260906b7,a57f0fd6-6977-43c3-86bb-cd34ef2a7a29,2026-04-16 01:20:39.584592+00:00,0,0,6,6,56.4339923,57.98227465
14c40b60-cfd7-40ba-a519-e965c4562806,a57f0fd6-6977-43c3-86bb-cd34ef2a7a29,2026-04-16 01:26:37.570500+00:00,0,0,6,6,62.4004241,63.94870645
a9938e2c-cfc0-4f85-af0e-23f5a7b7c9ba,a57f0fd6-6977-43c3-86bb-cd34ef2a7a29,2026-04-16 01:33:11.612212+00:00,0,0,6,6,68.96778596666667,70.51606831666666
55f59f23-8154-4b80-bb46-76bf263cff5f,a57f0fd6-6977-43c3-86bb-cd34ef2a7a29,2026-04-16 01:58:17.939640+00:00,0,0,6,6,94.0732431,95.62152545000001
1d8f6210-ebc1-4b1f-a17c-78a5fe7a7dac,a57f0fd6-6977-43c3-86bb-cd34ef2a7a29,2026-04-16 11:29:18.176019+00:00,0,0,0,6,665.0771827499999,666.6254651
aa8ecd86-9859-4ee5-921e-a60c8da5dd85,a57f0fd6-6977-43c3-86bb-cd34ef2a7a29,2026-04-16 11:33:17.473515+00:00,0,0,0,6,669.06547435,670.6137567000001
227f7669-2337-4aaf-b3e2-47c0527d5a87,a57f0fd6-6977-43c3-86bb-cd34ef2a7a29,2026-04-16 11:40:55.155566+00:00,0,0,0,6,676.6935085333333,678.2417908833334
72fe924a-371c-4bea-a995-ecf2ce1c5cfd,a57f0fd6-6977-43c3-86bb-cd34ef2a7a29,2026-04-16 11:53:12.069332+00:00,0,0,0,6,688.9754046333333,690.5236869833334
86c05373-b7f0-4a19-b903-306768f90722,a57f0fd6-6977-43c3-86bb-cd34ef2a7a29,2026-04-16 11:56:57.392687+00:00,0,0,0,6,692.7307938833333,694.2790762333333
456514a4-4913-4827-8d91-ad9b91b9bda3,a57f0fd6-6977-43c3-86bb-cd34ef2a7a29,2026-04-16 11:58:45.017065+00:00,0,0,0,6,694.5245335166667,696.0728158666666
cce27aa3-ca35-485a-973a-ddc13a6b0425,392a03db-0ab2-42c7-bf58-3acde7de9d5d,2026-04-16 17:35:52.155675+00:00,0,4,4,8,5.950757016666667,1035.9050364
e34d20b4-73df-467c-a286-d4a7ce3a3ae1,a57f0fd6-6977-43c3-86bb-cd34ef2a7a29,2026-04-16 20:01:13.160825+00:00,0,0,0,6,1176.9935961833332,1178.5418785333334
3a63c04b-d89e-4c96-9891-12cb3fe29f91,a57f0fd6-6977-43c3-86bb-cd34ef2a7a29,2026-04-16 20:26:53.650493+00:00,0,0,0,6,1202.6684239833335,1204.2167063333334
83831632-5742-404e-a708-a4f410b143ea,a57f0fd6-6977-43c3-86bb-cd34ef2a7a29,2026-04-16 20:58:15.266001+00:00,0,0,0,6,1234.02868245,1235.5769647999998
cd74bac3-a1ad-4479-9dd4-e837284cbd7e,a57f0fd6-6977-43c3-86bb-cd34ef2a7a29,2026-04-16 22:15:49.985278+00:00,0,0,0,6,1311.6073370666668,1313.1556194166667
c0a85f66-c0d5-41f3-a717-670748d0088b,392a03db-0ab2-42c7-bf58-3acde7de9d5d,2026-04-16 22:29:09.364833+00:00,0,0,0,8,299.23757631666666,1329.1918557
ba80fcb6-6e11-4e18-9e08-e8fd714812e0,392a03db-0ab2-42c7-bf58-3acde7de9d5d,2026-04-16 22:33:34.219091+00:00,0,0,0,8,303.65181395,1333.6060933333333
87d03fe9-efd7-4768-b1d9-1b661eb8cc2f,392a03db-0ab2-42c7-bf58-3acde7de9d5d,2026-04-16 22:40:57.924456+00:00,0,0,0,8,311.0469033666667,1341.00118275
f7628df8-ce1e-45fe-b469-220d3f250dd2,392a03db-0ab2-42c7-bf58-3acde7de9d5d,2026-04-16 22:47:40.614695+00:00,0,0,0,8,317.75840735,1347.7126867333332
c8421a3d-cd85-4951-b70e-4f68f8eaa71e,392a03db-0ab2-42c7-bf58-3acde7de9d5d,2026-04-16 22:54:16.871019+00:00,0,0,0,8,324.36267941666665,1354.3169587999998
74c6ae67-f75c-4cdd-b5f3-e9e76a4d426a,392a03db-0ab2-42c7-bf58-3acde7de9d5d,2026-04-16 22:58:07.424834+00:00,0,0,0,8,328.205243,1358.1595223833333
20f70b28-dfac-4228-9122-c615d7bb23d6,392a03db-0ab2-42c7-bf58-3acde7de9d5d,2026-04-16 23:02:16.841255+00:00,0,0,0,8,332.36218335,1362.3164627333333
bc1c9483-ba77-435d-aed9-e1990cad7609,a57f0fd6-6977-43c3-86bb-cd34ef2a7a29,2026-04-17 13:57:05.967004+00:00,0,6,6,6,5.3550012166666665,6.51377575
5878d3c0-204a-4701-8050-089d53d04803,a57f0fd6-6977-43c3-86bb-cd34ef2a7a29,2026-04-17 14:35:08.883040+00:00,0,0,6,6,43.403601816666665,44.56237635
09487269-ba97-4199-9666-f7385e0ca46f,a57f0fd6-6977-43c3-86bb-cd34ef2a7a29,2026-04-17 18:06:35.193034+00:00,0,0,0,6,254.84210171666666,256.00087625
f1cb12cf-484f-40c0-b762-e822cc14b952,a57f0fd6-6977-43c3-86bb-cd34ef2a7a29,2026-04-17 18:18:35.894494+00:00,0,0,0,6,266.85379271666665,268.01256725
38fca065-b03e-44ce-a1f0-38a28df86325,4ce403f9-c662-4caa-8576-c10e71f01c4b,2026-04-17 19:42:50.478406+00:00,0,0,6,6,54.633861616666664,73.61667343333333
838f9867-6d6d-4019-afe2-ce01d9b9432d,4ce403f9-c662-4caa-8576-c10e71f01c4b,2026-04-17 19:44:59.822102+00:00,0,0,6,6,56.78958988333333,75.7724017
980ccafe-c454-4903-b2cc-16ed817cd67e,a57f0fd6-6977-43c3-86bb-cd34ef2a7a29,2026-04-17 19:55:15.132300+00:00,0,0,0,6,363.50775615000003,364.6665306833333
af228821-af4a-4f94-89a7-710e28fcc49f,a57f0fd6-6977-43c3-86bb-cd34ef2a7a29,2026-04-17 20:06:54.978003+00:00,0,0,0,6,375.1718512,376.33062573333336
3580b235-f813-40f5-a638-10b5dc0890c0,a57f0fd6-6977-43c3-86bb-cd34ef2a7a29,2026-04-17 20:17:17.107907+00:00,0,0,0,6,385.54068293333336,386.6994574666667
1cfe8b08-dd4d-4a82-a836-c9f9a9e106cc,4ce403f9-c662-4caa-8576-c10e71f01c4b,2026-04-17 21:52:15.388621+00:00,0,0,0,6,184.04903186666667,203.03184368333334
5b955585-b85a-4cec-aaae-2ecaa11d9a9c,a57f0fd6-6977-43c3-86bb-cd34ef2a7a29,2026-04-18 00:15:24.212370+00:00,3,6,6,6,4.042797416666667,5.35671255
584dd41b-7c09-46c0-9c0e-f44188a707cd,a57f0fd6-6977-43c3-86bb-cd34ef2a7a29,2026-04-18 00:27:51.074083+00:00,0,6,6,6,16.490492633333336,17.804407766666667
fa632f8a-6661-408c-bd7b-b29035dce656,392a03db-0ab2-42c7-bf58-3acde7de9d5d,2026-04-18 02:01:21.134858+00:00,0,3,3,3,12.018025,12.123004049999999
a0e0cb9c-ce18-4327-a6b3-1846c877281a,392a03db-0ab2-42c7-bf58-3acde7de9d5d,2026-04-18 02:13:03.746119+00:00,3,6,6,6,3.7130727333333335,23.833191733333333
d129c327-56a6-4452-993f-d80b5ca8a6e7,a57f0fd6-6977-43c3-86bb-cd34ef2a7a29,2026-04-18 03:17:24.671702+00:00,0,0,0,7,158.67992111666666,187.36436808333335
fc89967e-af03-4de0-ac8b-5c81471c29d6,392a03db-0ab2-42c7-bf58-3acde7de9d5d,2026-04-18 14:41:42.285259+00:00,0,0,0,7,685.6066837833333,772.4755107333333
af6c3b42-1ffc-4188-a335-a3de5af08fae,392a03db-0ab2-42c7-bf58-3acde7de9d5d,2026-04-18 15:15:41.774206+00:00,0,0,0,7,719.5981662333332,806.4669931833333
cdbd38f6-f2f3-4d46-875a-29c4bb33d40d,392a03db-0ab2-42c7-bf58-3acde7de9d5d,2026-04-18 18:04:18.728856+00:00,0,0,0,7,888.2140770666666,975.0829040166667
1a060bef-914f-42bf-9899-f86e1ffcd699,ce6e5c8c-b2e1-4acd-89fe-b42fe49a86bc,2026-04-18 18:25:58.517742+00:00,0,8,8,8,11.001013016666667,11.495918583333333
d597dc05-4f94-4cb0-bebc-34c6effe56c9,4ce403f9-c662-4caa-8576-c10e71f01c4b,2026-04-18 20:28:31.254844+00:00,3,3,3,3,0.15978343333333334,0.6995466166666666
190e5cc6-d246-4bb8-9ec3-d320f1a74b11,68094f87-01d0-4966-aae7-21eb452e918d,2026-04-18 23:08:37.198011+00:00,0,9,9,9,9.569688283333333,18.606670566666665
5cd78345-dbb7-430d-b879-6f028e735930,68094f87-01d0-4966-aae7-21eb452e918d,2026-04-18 23:17:36.316891+00:00,0,9,9,9,18.555002950000002,27.591985233333332
e49fb55a-021e-4958-8e3f-82227c64b0cc,a57f0fd6-6977-43c3-86bb-cd34ef2a7a29,2026-04-18 23:56:45.621707+00:00,0,0,0,7,1398.0290878666667,1426.7135348333334
32191593-d0c7-4536-a046-f0f3da62c0a9,a57f0fd6-6977-43c3-86bb-cd34ef2a7a29,2026-04-19 00:12:47.551636+00:00,0,6,6,6,7.079654966666666,12.510229149999999
f2c575aa-3534-45be-9db1-498fe9686b5b,a57f0fd6-6977-43c3-86bb-cd34ef2a7a29,2026-04-19 00:21:52.666661+00:00,0,6,6,6,16.164905383333334,21.595479566666665
42c04f89-150a-4fd5-997f-fcd66b17210e,a57f0fd6-6977-43c3-86bb-cd34ef2a7a29,2026-04-19 00:38:14.828239+00:00,0,0,6,6,32.534265016666666,37.9648392
02b42f60-e086-474f-a6bd-6c4eadea3a4c,4ce403f9-c662-4caa-8576-c10e71f01c4b,2026-04-19 03:25:17.779442+00:00,6,6,6,6,0.6839376,1.9565313166666667
44996974-7584-450d-b4a1-db3b522f0e9c,4ce403f9-c662-4caa-8576-c10e71f01c4b,2026-04-19 03:46:24.644515+00:00,0,6,6,6,21.798355483333335,23.070949199999998
02e8813d-1a1f-43c1-a2db-8c4507020d54,4ce403f9-c662-4caa-8576-c10e71f01c4b,2026-04-19 03:55:23.819416+00:00,0,0,6,6,30.784603833333332,32.05719755
b544b2cf-a659-43ec-acf3-7935c3d2fe6b,4ce403f9-c662-4caa-8576-c10e71f01c4b,2026-04-19 04:23:55.055074+00:00,0,0,6,6,59.305198133333334,60.577791850000004
f91233a0-d2f7-4f62-99c9-7811d5d8bc0c,4ce403f9-c662-4caa-8576-c10e71f01c4b,2026-04-19 04:30:53.751654+00:00,0,0,6,6,66.28347446666666,67.55606818333334
3d4a44c7-f4e5-406c-b578-43e865a5b13a,4ce403f9-c662-4caa-8576-c10e71f01c4b,2026-04-19 04:35:43.444196+00:00,0,0,6,6,71.1116835,72.38427721666667
c80e1419-6331-4396-857f-fbb808ac36b2,4ce403f9-c662-4caa-8576-c10e71f01c4b,2026-04-19 04:40:51.246881+00:00,0,0,6,6,76.24172825000001,77.51432196666666
b5f7a4db-c7bc-4a77-916d-9028301bf5fc,4ce403f9-c662-4caa-8576-c10e71f01c4b,2026-04-19 04:44:44.257879+00:00,0,0,6,6,80.12524488333334,81.39783859999999
9a9ade01-bd42-42dc-af47-1a9eb309d970,4ce403f9-c662-4caa-8576-c10e71f01c4b,2026-04-19 04:47:24.654038+00:00,0,0,6,6,82.7985142,84.07110791666668
a7ceceb8-b488-49f7-9feb-a8b5220bec57,a57f0fd6-6977-43c3-86bb-cd34ef2a7a29,2026-04-19 12:52:02.015472+00:00,0,0,0,6,766.3207189,771.7512930833333
68f72ef3-3228-4b12-ab9f-fb567650d7cf,a57f0fd6-6977-43c3-86bb-cd34ef2a7a29,2026-04-19 15:43:17.718537+00:00,0,0,0,6,937.58243665,943.0130108333334
cdcb1425-4e88-4a51-a862-003a25f4bcee,a57f0fd6-6977-43c3-86bb-cd34ef2a7a29,2026-04-19 15:47:12.994733+00:00,0,0,0,6,941.5037065833333,946.9342807666667
bd10d1fc-9736-4278-8a8c-980bb47aca68,392a03db-0ab2-42c7-bf58-3acde7de9d5d,2026-04-19 16:28:37.807544+00:00,3,4,4,4,3.6965612500000002,26.36540205
f98aea1f-fa85-44a7-97b2-5406ac7cec09,a57f0fd6-6977-43c3-86bb-cd34ef2a7a29,2026-04-19 19:39:51.380414+00:00,0,0,0,6,1174.1434679333333,1179.5740421166668
5d9fbd2f-696a-4382-982a-49b151d26b2c,a57f0fd6-6977-43c3-86bb-cd34ef2a7a29,2026-04-19 23:59:57.800393+00:00,0,0,0,6,1434.2504675833334,1439.6810417666668
2926d25c-727a-4376-8f46-2f11706b9308,a57f0fd6-6977-43c3-86bb-cd34ef2a7a29,2026-04-20 14:56:21.637710+00:00,0,0,2,3,84.7630288,853.6738927333333
37fccae0-58a4-4b76-8c99-aba46a5f8d6c,392a03db-0ab2-42c7-bf58-3acde7de9d5d,2026-04-20 15:03:13.561334+00:00,0,3,3,3,11.38695525,11.617422966666668
5935e8aa-6452-47ad-ae59-5f38a1a53268,a57f0fd6-6977-43c3-86bb-cd34ef2a7a29,2026-04-20 17:04:44.923694+00:00,0,0,0,6,126.30090473333333,982.0619924666667
639809cf-83b5-47ba-a25c-45a0358f7797,a57f0fd6-6977-43c3-86bb-cd34ef2a7a29,2026-04-20 20:07:18.679294+00:00,0,0,0,6,308.86349806666664,1164.6245858
89ba2262-f3c5-4742-9f1c-d270433c2dd3,a57f0fd6-6977-43c3-86bb-cd34ef2a7a29,2026-04-20 20:39:03.435082+00:00,0,0,0,6,340.6094278666667,1196.3705156
0405fae8-11a4-478b-86e2-ed60e9a4a553,a57f0fd6-6977-43c3-86bb-cd34ef2a7a29,2026-04-20 20:47:39.666781+00:00,0,0,0,6,349.2132895166667,1204.97437725
39dd3801-1da4-432e-ae39-58660f1eb025,fd9b7f36-2943-4ceb-b658-83c814782ac3,2026-04-20 21:03:52.061313+00:00,0,4,6,6,6.719727066666667,105.97973188333334
857572ac-0235-4ee4-9be2-343dca03d4fb,fd9b7f36-2943-4ceb-b658-83c814782ac3,2026-04-20 21:07:15.244606+00:00,0,4,6,6,10.106115283333333,109.3661201
fd6c2eb7-0b67-4cf0-8995-5f833db2de7c,fd9b7f36-2943-4ceb-b658-83c814782ac3,2026-04-20 21:24:46.025928+00:00,0,4,4,6,27.61913731666667,126.87914213333333
925e6ba8-9a3b-47f5-8267-819fce140b29,392a03db-0ab2-42c7-bf58-3acde7de9d5d,2026-04-20 21:56:01.354668+00:00,0,2,2,5,17.128995233333335,424.41397853333336
c1b877a0-fc59-4924-a732-d7acb60add21,a57f0fd6-6977-43c3-86bb-cd34ef2a7a29,2026-04-20 22:21:25.228603+00:00,0,0,0,6,442.9726532166667,1298.73374095
3ce80d5a-b18d-49df-83d3-1bd8c05b29c8,392a03db-0ab2-42c7-bf58-3acde7de9d5d,2026-04-21 00:25:04.911204+00:00,3,3,3,3,3.9805116,4.340397916666666
bd09e29c-76e6-4948-9ef1-f449a6e32c3d,fd9b7f36-2943-4ceb-b658-83c814782ac3,2026-04-21 02:45:57.447735+00:00,0,6,6,6,10.83969745,18.130769083333334
f6fedc31-c141-42ac-bf7f-768eb1fba166,392a03db-0ab2-42c7-bf58-3acde7de9d5d,2026-04-21 03:26:02.023980+00:00,3,3,3,6,2.3280897,185.29227751666667
d69a4f94-1f5a-4041-89f0-29e5f90a67ab,392a03db-0ab2-42c7-bf58-3acde7de9d5d,2026-04-21 04:09:18.084619+00:00,0,0,3,6,45.59576701666666,228.55995483333334
c71db8b6-09cb-4491-b83c-0d396bac7a9e,392a03db-0ab2-42c7-bf58-3acde7de9d5d,2026-04-21 04:23:06.806990+00:00,0,0,3,6,59.407806533333336,242.37199435
10c5e7ae-0a82-411a-8935-437970326f9b,392a03db-0ab2-42c7-bf58-3acde7de9d5d,2026-04-21 16:55:45.479127+00:00,0,1,1,7,11.53373005,995.0165299666667
8677f3ed-2a98-478b-bcfa-bda614539b64,392a03db-0ab2-42c7-bf58-3acde7de9d5d,2026-04-21 17:01:47.864082+00:00,0,1,1,7,17.5734793,1001.0562792166667
c373da49-ee5f-4e09-a637-f9771a79b52c,392a03db-0ab2-42c7-bf58-3acde7de9d5d,2026-04-21 17:05:26.603280+00:00,0,1,1,7,21.219132600000002,1004.7019325166667
b71e2c04-bca2-4ac2-aee1-f876bf9ec139,392a03db-0ab2-42c7-bf58-3acde7de9d5d,2026-04-21 17:57:02.711606+00:00,0,0,1,7,72.82093803333333,1056.30373795
760810ad-f67b-4907-9538-41c07686095c,392a03db-0ab2-42c7-bf58-3acde7de9d5d,2026-04-21 21:13:42.061578+00:00,0,0,0,7,269.4767709,1252.9595708166667
5a41911b-3db6-4c2a-8b96-12db217cf850,392a03db-0ab2-42c7-bf58-3acde7de9d5d,2026-04-22 00:02:39.889179+00:00,3,3,3,3,0.12348713333333333,0.33798516666666667
41f30708-2e2a-486b-bda8-b990008183b4,392a03db-0ab2-42c7-bf58-3acde7de9d5d,2026-04-22 00:11:18.298241+00:00,0,6,6,6,7.424134266666667,8.9781362
d9b483d8-5193-4f23-99d4-c343f81bb410,392a03db-0ab2-42c7-bf58-3acde7de9d5d,2026-04-22 00:42:56.943524+00:00,0,0,6,6,39.06822231666667,40.62222425
5f00eb22-a793-40f7-b829-0f6b136fe951,392a03db-0ab2-42c7-bf58-3acde7de9d5d,2026-04-22 03:51:05.853886+00:00,0,0,0,6,227.21672834999998,228.77073028333334
216ce11e-a7d9-45f8-996d-3afe35e36be6,392a03db-0ab2-42c7-bf58-3acde7de9d5d,2026-04-22 15:36:51.417391+00:00,0,0,0,6,932.9761201,934.5301220333333
2c029705-a38a-47a2-94d6-881887522d0b,392a03db-0ab2-42c7-bf58-3acde7de9d5d,2026-04-22 15:49:32.242549+00:00,0,0,0,6,945.6565394,947.2105413333334
7c076b17-8360-4d23-8e52-d83f7a0473ab,a57f0fd6-6977-43c3-86bb-cd34ef2a7a29,2026-04-22 17:01:30.494248+00:00,2,3,3,3,3.04467325,8.722728833333333
bafa397b-8767-4d13-be64-07de8e226d07,392a03db-0ab2-42c7-bf58-3acde7de9d5d,2026-04-22 21:32:25.658050+00:00,0,0,0,9,233.35120851666667,1290.1007996833332
66b42626-3f13-473c-a9cb-e658335f6b28,392a03db-0ab2-42c7-bf58-3acde7de9d5d,2026-04-22 21:34:43.837084+00:00,0,0,0,9,235.65419241666666,1292.4037835833333
3f13697b-8984-4f68-8007-b58e5c89a281,a57f0fd6-6977-43c3-86bb-cd34ef2a7a29,2026-04-22 23:32:10.106790+00:00,0,2,2,6,5.020143483333333,399.3829378666667
cefaf20a-a919-42e2-ae46-706c3cfe60c0,fd9b7f36-2943-4ceb-b658-83c814782ac3,2026-04-23 02:17:28.928469+00:00,0,5,6,6,12.97304275,64.31182176666667
f1bb68fb-ea55-4515-814b-5f8d16ce4876,fd9b7f36-2943-4ceb-b658-83c814782ac3,2026-04-23 02:39:02.579148+00:00,0,0,6,6,34.533887400000005,85.87266641666666
13b37226-3ad0-4175-a391-2245ed0189bd,fd9b7f36-2943-4ceb-b658-83c814782ac3,2026-04-23 02:52:55.161676+00:00,0,0,6,6,48.41026286666667,99.74904188333333
3035c992-455f-4f6e-9217-c0e883713600,fd9b7f36-2943-4ceb-b658-83c814782ac3,2026-04-23 03:23:13.893026+00:00,0,0,5,6,78.72245203333334,130.06123105
84faab01-303e-4e90-95c4-c1332c456999,fd9b7f36-2943-4ceb-b658-83c814782ac3,2026-04-23 03:32:33.473055+00:00,0,0,5,6,88.04878585,139.38756486666668
39c9b9a1-2c08-455f-bfe5-2dee5a1f2091,fd9b7f36-2943-4ceb-b658-83c814782ac3,2026-04-23 04:17:56.382850+00:00,0,0,0,6,133.43061576666668,184.76939478333333
a8f4693d-ae2c-4ede-81d6-24da37de6333,392a03db-0ab2-42c7-bf58-3acde7de9d5d,2026-04-23 04:27:46.677841+00:00,0,3,3,3,5.959391999999999,6.7690252666666675
3676fab2-3ba7-40e4-9e50-4b2dda419021,fd9b7f36-2943-4ceb-b658-83c814782ac3,2026-04-23 04:29:15.032854+00:00,0,0,0,6,144.74144916666668,196.08022818333333
d675590c-30b6-4d08-93d3-c3c3287aa5af,392a03db-0ab2-42c7-bf58-3acde7de9d5d,2026-04-23 04:42:20.720666+00:00,0,6,6,6,11.334659066666667,21.336405683333332
0e9dc353-e081-4af3-b427-9374dd613f55,392a03db-0ab2-42c7-bf58-3acde7de9d5d,2026-04-23 05:04:33.850263+00:00,0,1,7,7,14.263224716666667,43.55523229999999
f2f48a46-184a-436b-96ac-68214a69ac1f,a57f0fd6-6977-43c3-86bb-cd34ef2a7a29,2026-04-23 11:03:06.729989+00:00,2,3,3,3,4.871930066666667,5.13754225
14dd599c-1f0f-42db-bbaa-2378626058f9,68094f87-01d0-4966-aae7-21eb452e918d,2026-04-23 12:53:28.648495+00:00,2,5,5,5,3.0943015666666667,5.773888683333333
5d5ec15d-997d-4085-859a-7697821ef619,68094f87-01d0-4966-aae7-21eb452e918d,2026-04-23 12:57:12.311955+00:00,0,5,5,5,6.8220259,9.501613016666665
fbfa501c-b933-4ef8-a9c4-76e4e3d86f10,a57f0fd6-6977-43c3-86bb-cd34ef2a7a29,2026-04-23 13:39:04.289041+00:00,2,2,2,5,4.103166566666667,161.09685978333334
e0bdd64a-d824-499e-84ea-1beb17f68e41,a57f0fd6-6977-43c3-86bb-cd34ef2a7a29,2026-04-23 13:40:23.558036+00:00,0,2,2,5,5.424316483333333,162.4180097
4e679b0d-0eac-49ef-b9d0-e507c53510e1,a57f0fd6-6977-43c3-86bb-cd34ef2a7a29,2026-04-23 13:53:51.438518+00:00,0,2,2,5,18.888991183333335,175.8826844
11c97a8f-951c-4d17-b936-9e1f36727e03,fd9b7f36-2943-4ceb-b658-83c814782ac3,2026-04-23 14:06:40.933024+00:00,0,0,0,6,722.1731186666667,773.5118976833332
b4eae83b-1512-4989-bb17-229a33471cf0,fd9b7f36-2943-4ceb-b658-83c814782ac3,2026-04-23 14:18:38.796016+00:00,0,0,0,6,734.1375018666666,785.4762808833333
9d9f7995-fc23-4438-9343-5b7b64d30ef2,fd9b7f36-2943-4ceb-b658-83c814782ac3,2026-04-23 14:26:18.471395+00:00,0,0,0,6,741.7987581833333,793.1375372
6535ab26-7cc7-4e1a-bcd5-c9ccaf41a0c7,fd9b7f36-2943-4ceb-b658-83c814782ac3,2026-04-23 15:44:47.964355+00:00,0,0,0,6,820.2903075166666,871.6290865333334
0bc00399-96e9-4634-8cdf-fc6a615b8128,a57f0fd6-6977-43c3-86bb-cd34ef2a7a29,2026-04-23 20:59:27.129002+00:00,1,1,1,6,2.4681070000000003,601.4775258000001
5cf1f5e8-fc0b-4014-a3ec-1290365803cb,a57f0fd6-6977-43c3-86bb-cd34ef2a7a29,2026-04-23 21:09:14.097552+00:00,0,1,1,6,12.250916166666666,611.2603349666666
b60b327e-7e64-4719-8e86-80a63f9a62e6,392a03db-0ab2-42c7-bf58-3acde7de9d5d,2026-04-23 21:48:26.062181+00:00,0,0,0,7,1018.13342335,1047.4254309333332
e40500b1-6382-4d49-ba26-f479ad3f3c7a,392a03db-0ab2-42c7-bf58-3acde7de9d5d,2026-04-23 21:57:03.423844+00:00,0,0,0,7,1026.7561177333332,1056.0481253166668
7d1c5441-c973-4308-a1a9-afc452046490,69ce191d-25f7-4ae6-b5fc-26bdc90e84aa,2026-04-23 22:26:40.210131+00:00,0,3,6,6,28.15684248333333,30.87212583333333
be9840da-6763-4d04-af37-6587408eda67,392a03db-0ab2-42c7-bf58-3acde7de9d5d,2026-04-24 02:00:36.899016+00:00,3,3,3,3,2.6704752333333333,2.74414395
d6c07639-0259-4817-a25a-b89c3f82829e,392a03db-0ab2-42c7-bf58-3acde7de9d5d,2026-04-24 02:06:33.619193+00:00,2,5,5,5,2.540516433333333,8.689480233333335
